"Y_2008_1","Y_2008_2","Y_2008_3","Y_2008_4","Y_2009_1","Y_2009_2","Y_2009_3","Y_2009_4","Y_2010_1","Y_2010_2","Y_2010_3","Y_2010_4","Y_2011_1","Y_2011_2","Y_2011_3","Y_2011_4","Y_2012_1","Y_2012_2","Y_2012_3","Y_2012_4","Y_2013_1","Y_2013_2","Y_2013_3","Y_2013_4","Y_2014_1","Y_2014_2","Y_2014_3","Y_2014_4","Y_2015_1","Y_2015_2","Y_2015_3","Y_2015_4","Y_2016_1","Y_2016_2","Y_2016_3","Y_2016_4","Y_2017_1","Y_2017_2","Y_2017_3","Y_2017_4","Y_2018_1","Y_2018_2","Y_2018_3","Y_2018_4","id","site","transect"
0,0,0,0,0,0,0,0,0,0,0,0,0,0,0,0,0,0,0,0,45,47,0,0,0,0,0,0,0,0,0,0,0,0,0,0,0,0,0,0,0,197,0,0,"ABUR1","ABUR","1"
0,0,0,0,13,0,0,0,0,0,0,0,0,0,0,0,0,0,0,0,160,326,245,68,68,0,0,0,0,0,0,0,0,0,0,0,0,0,0,0,0,0,0,0,"ABUR1","ABUR","1"
0,0,0,0,0,0,0,0,0,0,0,0,0,0,0,0,0,0,0,0,0,38,0,0,0,0,0,0,0,0,0,0,0,0,0,0,0,0,0,0,0,87,0,0,"ABUR1","ABUR","1"
0,0,0,0,0,0,0,0,0,0,0,0,0,0,0,0,0,0,0,0,108,348,362,73,32,0,0,0,0,0,0,0,0,0,0,0,0,0,0,0,0,44,0,0,"ABUR1","ABUR","1"
0,0,0,0,0,0,0,0,0,0,0,0,0,0,0,0,0,0,0,0,0,0,0,0,0,0,0,0,0,0,0,0,0,0,0,0,0,0,0,0,0,48,0,0,"ABUR1","ABUR","1"
0,0,0,0,45,0,0,0,0,0,0,0,0,0,0,0,0,0,0,0,0,0,0,0,0,0,0,0,0,0,0,0,0,0,0,0,0,0,0,0,0,26,0,0,"ABUR2","ABUR","2"
0,0,0,0,0,0,0,0,0,0,0,0,0,0,0,0,0,0,0,0,45,47,0,0,0,0,0,0,0,0,0,0,0,0,0,0,0,0,0,0,0,197,0,0,"ABUR2","ABUR","2"
167,305,80,195,677,464,0,16,0,0,0,0,0,0,0,0,0,0,0,0,54,213,42,0,0,0,0,0,0,0,0,0,32,377,36,92,47,328,23,0,92,621,144,0,"AQUE1","AQUE","1"
68,404,121,217,381,387,0,73,31,45,142,15,0,0,0,0,0,0,0,0,0,220,81,0,0,0,0,0,0,0,0,0,0,63,0,0,0,217,0,0,0,390,43,0,"AQUE1","AQUE","1"
117,367,118,212,617,491,0,17,37,0,29,18,28,0,0,0,0,0,0,0,196,309,60,0,0,0,0,0,0,0,0,0,0,372,31,49,0,139,0,0,186,799,203,0,"AQUE1","AQUE","1"
61,446,168,195,193,279,0,17,0,72,284,82,0,0,0,0,0,0,0,0,0,30,0,0,0,0,0,0,0,0,0,0,0,0,0,0,0,75,0,0,0,473,83,0,"AQUE1","AQUE","1"
99,308,132,256,617,585,13,16,33,34,34,94,19,0,0,0,0,0,0,0,374,509,177,0,0,0,0,0,0,0,0,0,0,71,0,0,0,162,0,0,146,752,171,0,"AQUE1","AQUE","1"
0,326,41,99,150,315,0,27,0,119,400,130,0,0,0,0,0,0,0,0,38,54,0,0,0,0,0,0,0,0,0,0,0,0,0,0,0,67,0,0,0,450,81,0,"AQUE1","AQUE","1"
117,367,118,212,617,491,0,17,37,0,29,18,28,0,0,0,0,0,0,0,196,309,60,0,0,0,0,0,0,0,0,0,0,372,31,49,0,139,0,0,186,799,203,0,"AQUE2","AQUE","2"
99,308,132,256,617,585,13,16,33,34,34,94,19,0,0,0,0,0,0,0,374,509,177,0,0,0,0,0,0,0,0,0,0,71,0,0,0,162,0,0,146,752,171,0,"AQUE2","AQUE","2"
0,326,41,99,150,315,0,27,0,119,400,130,0,0,0,0,0,0,0,0,38,54,0,0,0,0,0,0,0,0,0,0,0,0,0,0,0,67,0,0,0,450,81,0,"AQUE2","AQUE","2"
38,280,93,189,525,581,37,39,0,41,34,98,55,129,18,0,0,0,0,42,342,455,198,0,0,0,0,0,0,0,0,0,0,0,0,0,0,197,0,0,15,481,126,0,"AQUE2","AQUE","2"
0,395,68,64,99,347,0,18,31,149,353,108,24,0,0,0,0,0,0,0,0,30,0,0,0,0,0,0,0,0,0,0,0,0,0,0,0,0,0,0,0,416,148,0,"AQUE2","AQUE","2"
0,163,36,134,239,252,22,22,0,34,99,76,54,182,215,0,0,0,0,0,108,294,99,0,0,0,0,0,0,42,0,0,0,0,0,0,0,55,0,0,0,166,0,0,"AQUE2","AQUE","2"
0,324,32,0,55,302,16,0,0,104,288,152,0,0,0,0,0,0,0,0,0,0,0,0,0,0,0,0,0,0,0,0,0,0,0,0,0,0,0,0,0,169,63,0,"AQUE2","AQUE","2"
0,0,0,0,19,0,0,0,0,0,0,0,0,0,0,0,0,0,0,0,38,31,0,0,0,0,0,0,0,0,0,0,0,0,0,0,0,0,0,0,0,92,0,0,"AQUE3","AQUE","3"
0,0,0,0,28,0,0,0,0,0,0,0,0,0,0,0,0,0,0,0,95,123,0,0,0,0,0,0,0,0,0,0,0,0,0,0,0,0,0,0,0,0,0,0,"AQUE3","AQUE","3"
0,0,0,0,43,0,0,0,0,0,0,0,0,0,0,0,0,0,0,0,117,207,51,0,0,0,0,0,0,0,0,0,0,0,0,0,0,0,0,0,0,164,0,0,"AQUE3","AQUE","3"
0,0,0,0,77,63,0,0,0,0,0,0,0,25,15,0,0,32,0,29,205,64,0,30,0,16,0,0,0,0,0,0,0,0,0,76,40,95,0,46,172,643,126,0,"AQUE3","AQUE","3"
0,0,0,0,0,0,0,0,0,0,0,0,0,0,0,0,0,0,0,0,99,26,0,0,0,0,0,0,0,0,0,0,0,0,0,0,0,0,0,0,0,230,43,0,"AQUE3","AQUE","3"
0,0,0,58,261,140,0,0,0,0,0,15,62,112,154,63,320,142,0,52,443,345,62,108,0,0,0,0,0,0,0,0,0,0,0,117,106,211,0,150,327,596,149,0,"AQUE4","AQUE","4"
45,0,0,0,256,378,0,15,0,0,36,72,85,234,296,112,492,288,0,0,506,588,221,150,0,0,0,0,0,24,25,0,0,0,0,117,58,346,114,107,247,437,90,0,"AQUE4","AQUE","4"
23,0,0,107,324,239,0,0,0,0,0,59,100,45,232,110,333,250,0,65,531,539,127,99,0,26,0,0,0,41,0,0,0,0,0,74,72,236,0,92,179,598,151,0,"AQUE4","AQUE","4"
0,0,0,0,173,248,0,11,0,0,0,22,53,169,200,70,447,297,0,50,545,708,315,133,0,0,0,0,0,0,0,0,0,0,0,0,31,126,0,0,0,286,52,0,"AQUE4","AQUE","4"
101,155,58,159,492,387,10,0,0,0,0,0,28,83,64,79,304,227,0,56,524,595,161,104,63,55,0,0,0,201,128,0,0,0,0,101,58,387,0,83,239,742,191,0,"AQUE4","AQUE","4"
0,0,0,48,365,446,42,0,0,0,34,50,85,233,335,148,465,303,0,47,464,710,327,72,26,0,0,0,0,93,67,0,0,0,0,0,0,215,57,0,37,531,133,0,"AQUE4","AQUE","4"
108,215,31,40,335,252,0,16,0,0,0,0,0,0,0,34,225,124,0,41,482,591,188,88,0,55,0,0,0,128,90,0,0,72,0,52,47,335,0,32,58,346,70,0,"AQUE4","AQUE","4"
0,67,0,0,213,288,0,0,0,0,27,35,24,180,253,108,429,282,0,38,432,681,258,46,0,0,0,0,0,23,0,0,0,71,0,0,0,208,0,0,0,191,70,0,"AQUE4","AQUE","4"
204,321,206,264,476,171,0,0,45,0,0,0,0,0,0,0,93,270,0,72,574,449,75,215,39,0,0,0,0,395,140,0,56,104,0,130,196,406,50,219,628,841,106,0,"AQUE5","AQUE","5"
24,70,24,258,284,117,0,0,56,0,0,0,0,0,0,34,171,97,0,65,389,161,0,47,0,0,0,0,0,47,22,0,0,0,0,122,131,215,0,108,350,656,97,0,"AQUE5","AQUE","5"
200,349,194,222,410,239,0,0,0,0,0,0,0,0,0,0,75,203,0,149,653,441,91,278,42,23,0,0,0,320,115,0,41,112,0,117,139,384,0,269,594,869,112,0,"AQUE5","AQUE","5"
66,83,27,231,331,126,0,0,32,0,29,19,15,0,0,0,162,169,0,77,522,347,39,109,36,0,0,0,0,119,56,0,0,0,0,106,117,295,0,156,383,828,146,0,"AQUE5","AQUE","5"
257,404,205,143,424,266,0,0,0,0,0,0,0,0,0,0,0,63,0,135,693,513,123,272,35,54,0,0,0,228,104,0,29,86,0,131,126,343,36,257,475,652,63,0,"AQUE5","AQUE","5"
111,240,127,132,392,158,0,0,0,0,27,0,0,0,0,0,106,92,0,68,680,600,123,152,30,19,0,0,0,197,119,0,0,0,0,86,104,387,123,237,317,646,115,0,"AQUE5","AQUE","5"
174,151,53,155,384,363,0,33,32,36,0,0,0,0,0,0,0,0,0,0,164,781,491,459,285,296,0,0,0,95,56,0,138,90,0,0,27,84,0,66,593,900,194,0,"AQUE6","AQUE","6"
138,200,57,282,594,417,0,0,0,0,0,0,0,0,0,0,0,0,0,0,194,705,384,327,161,297,0,0,0,137,105,0,83,42,0,0,47,229,0,174,765,886,121,0,"AQUE6","AQUE","6"
179,197,35,218,410,194,0,0,38,63,0,0,0,0,0,0,0,0,0,0,308,830,437,395,186,302,0,0,0,128,59,0,47,39,0,0,36,59,0,62,512,877,173,0,"AQUE6","AQUE","6"
146,250,82,207,587,207,0,0,35,0,0,0,21,0,0,0,0,0,0,0,263,532,188,248,188,322,0,0,0,101,78,0,0,60,0,0,79,240,0,82,637,846,160,0,"AQUE6","AQUE","6"
128,117,56,159,357,180,0,33,158,218,155,0,0,0,0,0,0,0,0,0,347,721,262,266,138,321,0,0,0,182,56,0,0,27,0,0,0,25,0,45,276,812,133,0,"AQUE6","AQUE","6"
0,109,0,63,310,126,0,0,0,0,0,0,0,0,0,0,0,0,0,0,214,392,136,147,0,142,0,0,0,0,0,0,0,42,0,0,0,0,0,28,272,515,83,0,"AQUE6","AQUE","6"
0,0,0,21,139,122,0,0,0,74,52,0,0,0,0,0,0,0,0,0,151,213,0,48,0,16,0,0,0,0,0,0,0,0,0,0,0,0,0,0,0,329,0,0,"AQUE6","AQUE","6"
0,0,0,27,58,212,11,77,0,0,0,0,0,0,0,0,0,0,0,0,0,134,89,128,0,95,0,0,0,23,0,0,0,0,0,0,0,0,0,0,0,0,0,0,"BULL1","BULL","1"
0,0,0,23,60,297,65,77,0,0,0,0,0,0,0,0,0,0,0,0,0,0,36,42,0,130,0,0,0,23,0,0,0,0,0,146,0,81,0,0,0,0,0,0,"BULL1","BULL","1"
0,0,0,125,204,347,134,122,0,0,77,0,0,0,0,0,0,0,0,0,0,224,134,208,0,92,0,0,0,63,44,0,0,0,0,0,0,0,0,0,0,0,0,0,"BULL1","BULL","1"
0,0,0,159,178,396,171,170,0,0,65,0,0,0,0,0,0,41,0,32,90,250,134,184,0,86,0,0,0,53,94,0,0,0,0,0,0,45,0,0,0,0,0,0,"BULL1","BULL","1"
0,0,0,54,148,261,64,141,0,0,41,0,0,0,0,0,0,0,0,0,0,101,60,178,0,211,39,0,0,53,77,0,0,0,0,0,0,0,0,0,0,0,0,0,"BULL1","BULL","1"
0,0,0,0,0,0,0,15,0,0,59,0,0,0,0,0,0,0,NA,0,0,45,0,0,0,119,0,0,0,0,24,0,0,0,0,0,0,0,0,0,0,0,0,0,"BULL1","BULL","1"
0,0,0,90,73,171,28,95,0,0,68,0,0,0,0,0,0,41,0,0,0,162,96,156,0,87,0,0,0,23,0,0,0,0,0,0,0,27,0,0,0,0,0,0,"BULL3","BULL","3"
0,0,0,27,58,212,11,77,0,0,0,0,0,0,0,0,0,0,0,0,0,134,89,128,0,95,0,0,0,23,0,0,0,0,0,0,0,0,0,0,0,0,0,0,"BULL3","BULL","3"
0,0,0,83,120,194,40,99,0,36,45,0,0,0,0,0,0,41,68,0,0,132,87,158,0,102,0,0,0,15,0,0,0,0,0,0,0,0,0,0,0,0,0,0,"BULL3","BULL","3"
0,0,0,125,204,347,134,122,0,0,77,0,0,0,0,0,0,0,0,0,0,224,134,208,0,92,0,0,0,63,44,0,0,0,0,0,0,0,0,0,0,0,0,0,"BULL3","BULL","3"
0,0,0,41,74,153,16,104,0,0,119,0,0,0,0,0,0,0,0,0,0,24,0,18,0,87,0,0,0,42,0,0,0,0,0,0,0,0,0,0,0,0,0,0,"BULL3","BULL","3"
0,0,0,50,169,198,52,105,0,0,119,0,0,0,0,0,0,0,0,0,0,113,54,119,0,96,0,0,0,64,0,0,0,0,0,0,0,0,0,0,0,0,0,0,"BULL3","BULL","3"
0,0,0,0,38,63,0,125,0,0,0,0,0,0,0,0,0,0,0,0,0,85,60,95,0,0,0,0,0,0,0,0,0,0,0,0,0,41,0,0,0,0,0,0,"BULL6","BULL","6"
0,0,0,124,144,162,17,78,0,27,81,0,0,0,0,0,0,97,45,0,0,169,108,120,0,138,0,0,0,0,0,0,0,0,0,0,0,69,0,0,0,159,50,0,"BULL6","BULL","6"
0,0,0,90,73,171,28,95,0,0,68,0,0,0,0,0,0,41,0,0,0,162,96,156,0,87,0,0,0,23,0,0,0,0,0,0,0,27,0,0,0,0,0,0,"BULL6","BULL","6"
0,0,0,122,117,0,0,59,0,0,68,0,0,0,0,0,0,41,0,0,0,47,54,45,0,143,0,0,0,0,0,0,0,0,0,0,0,52,15,0,0,33,0,0,"BULL6","BULL","6"
0,0,0,83,120,194,40,99,0,36,45,0,0,0,0,0,0,41,68,0,0,132,87,158,0,102,0,0,0,15,0,0,0,0,0,0,0,0,0,0,0,0,0,0,"BULL6","BULL","6"
0,0,0,75,47,59,0,86,0,45,68,0,0,0,0,0,0,50,0,0,0,27,0,63,0,152,0,0,0,0,0,0,0,0,0,44,0,95,0,0,0,20,0,0,"BULL6","BULL","6"
0,0,0,41,74,153,16,104,0,0,119,0,0,0,0,0,0,0,0,0,0,24,0,18,0,87,0,0,0,42,0,0,0,0,0,0,0,0,0,0,0,0,0,0,"BULL6","BULL","6"
0,0,0,182,375,599,0,141,0,0,0,0,0,0,0,0,0,0,0,0,0,0,0,0,0,0,0,0,0,0,0,0,0,0,20,155,85,289,46,0,0,0,0,0,"CARP1","CARP","1"
0,0,92,297,279,423,0,102,0,0,150,23,0,0,0,0,0,0,0,0,0,0,0,0,0,0,0,0,0,0,0,0,0,0,140,158,79,178,32,0,0,0,0,0,"CARP1","CARP","1"
0,0,135,209,347,608,25,167,0,0,0,0,0,0,0,0,0,0,0,0,0,0,0,0,0,0,0,0,0,0,0,0,0,0,19,42,0,312,41,0,0,0,0,0,"CARP1","CARP","1"
0,0,103,146,232,396,0,108,0,0,51,0,0,0,0,0,0,0,0,0,0,0,0,0,0,0,0,0,0,0,0,0,0,0,15,34,0,309,42,0,0,0,0,0,"CARP1","CARP","1"
0,45,171,153,351,459,0,144,0,0,0,0,0,0,0,0,0,0,0,0,0,0,0,0,0,0,0,0,0,0,0,0,0,0,0,17,0,311,37,0,0,0,0,0,"CARP1","CARP","1"
0,83,157,29,57,0,0,0,0,0,0,0,0,0,0,0,0,0,0,0,0,0,0,0,0,0,0,0,0,0,0,0,0,0,17,66,0,332,51,0,0,0,0,0,"CARP1","CARP","1"
0,161,176,77,136,207,0,104,0,0,0,0,0,0,0,0,0,0,0,0,0,0,0,0,0,0,0,0,0,0,0,0,0,0,14,38,77,380,59,0,0,0,0,0,"CARP1","CARP","1"
33,478,443,0,27,0,11,0,0,0,420,303,161,329,542,486,254,275,NA,69,0,0,0,15,0,0,0,0,0,0,0,0,0,0,0,21,0,358,104,0,0,0,0,0,"CARP2","CARP","2"
0,499,374,67,39,0,0,0,0,0,504,288,104,347,448,321,63,95,NA,0,0,0,0,9,0,0,0,0,0,0,0,0,0,0,0,0,0,263,91,0,0,0,0,0,"CARP2","CARP","2"
70,539,400,72,53,131,0,0,0,0,725,364,183,602,819,486,151,189,NA,0,0,23,0,0,0,0,0,0,0,0,0,0,0,0,0,0,0,466,293,0,0,0,0,0,"CARP2","CARP","2"
27,213,254,56,204,333,145,15,0,0,857,223,221,584,554,348,41,70,NA,0,0,41,0,0,0,0,0,0,0,0,0,0,0,0,0,0,0,74,108,0,0,0,0,0,"CARP2","CARP","2"
61,595,313,0,17,0,0,15,0,0,727,308,266,678,860,543,167,347,NA,0,0,16,0,31,0,0,0,0,0,0,0,0,0,0,0,0,0,210,44,0,0,0,0,0,"CARP2","CARP","2"
0,253,223,59,185,165,220,0,0,0,887,198,235,681,709,402,92,189,NA,0,0,58,0,0,0,0,0,0,0,0,0,0,0,0,0,0,0,35,30,0,0,0,0,0,"CARP2","CARP","2"
0,0,0,156,243,194,0,0,0,0,0,0,0,0,0,0,0,0,0,0,0,0,0,0,0,0,0,0,0,0,0,0,0,0,49,351,0,205,95,0,0,0,0,0,"CARP3","CARP","3"
0,0,0,432,400,429,0,114,0,0,34,40,0,0,0,0,0,0,0,0,0,0,0,0,0,0,0,0,0,0,0,0,0,0,118,298,0,124,21,0,0,0,0,0,"CARP3","CARP","3"
0,0,0,324,385,459,0,0,0,0,0,0,0,0,0,0,0,0,0,0,0,0,0,0,0,0,0,0,0,0,0,0,0,0,197,422,0,198,0,24,0,0,0,0,"CARP3","CARP","3"
0,0,40,507,401,495,0,63,0,0,54,111,50,0,0,0,0,0,0,0,0,0,0,0,0,0,0,0,0,0,0,0,0,0,221,343,0,102,19,12,0,0,0,0,"CARP3","CARP","3"
0,0,0,411,338,453,0,0,0,0,0,0,0,0,0,0,0,0,0,0,0,0,0,0,0,0,0,0,0,0,0,0,0,0,276,463,0,239,207,0,0,0,0,0,"CARP3","CARP","3"
0,0,52,491,313,498,0,0,0,0,0,15,0,0,0,0,0,0,0,0,0,0,0,0,0,0,0,0,0,0,0,0,0,0,465,473,0,268,126,0,0,0,0,0,"CARP3","CARP","3"
0,0,421,292,176,150,0,0,0,0,267,140,0,0,0,0,0,0,0,0,0,0,0,0,0,0,0,0,0,0,0,0,0,0,158,239,0,216,48,0,0,0,0,0,"CARP4","CARP","4"
0,0,526,103,22,0,0,0,0,0,420,211,0,0,0,0,0,0,0,0,0,0,0,0,0,0,0,0,0,0,0,0,0,0,188,100,0,315,392,0,0,0,0,0,"CARP4","CARP","4"
0,0,445,274,87,0,0,0,0,0,216,95,16,0,0,0,0,0,0,0,0,0,0,0,0,0,0,0,0,0,0,0,0,0,213,181,0,367,279,0,0,0,0,0,"CARP4","CARP","4"
0,26,517,117,0,0,0,0,0,0,387,188,0,0,45,0,0,0,0,0,0,0,0,0,0,0,0,0,0,0,0,0,0,0,215,95,0,308,423,0,0,0,0,0,"CARP4","CARP","4"
0,0,470,223,44,0,0,0,0,0,66,0,0,0,0,0,0,0,0,0,0,0,0,0,0,0,0,0,0,0,0,0,0,0,221,220,0,272,225,0,0,0,0,0,"CARP4","CARP","4"
0,32,511,76,0,0,0,0,0,0,312,186,0,0,0,0,0,0,0,0,0,0,0,0,0,0,0,0,0,0,0,0,0,0,267,94,0,295,392,0,0,0,0,0,"CARP4","CARP","4"
0,0,137,146,142,87,0,17,0,0,123,0,0,0,0,0,0,0,0,0,0,0,0,0,0,0,0,0,0,0,0,0,0,0,67,114,0,306,113,0,0,0,0,0,"CARP5","CARP","5"
0,0,261,31,103,111,17,23,0,0,261,139,0,0,0,0,0,0,0,0,0,0,0,0,0,38,0,0,0,0,0,0,0,0,28,30,90,295,149,0,0,0,0,0,"CARP5","CARP","5"
0,0,115,74,104,162,0,0,0,0,66,0,0,0,0,0,0,0,0,0,0,0,0,0,0,0,0,0,0,0,0,0,0,0,82,54,0,344,77,0,0,0,0,0,"CARP5","CARP","5"
0,41,95,0,71,117,0,15,0,0,270,108,20,85,198,47,0,0,0,0,0,0,0,33,0,92,72,27,0,0,0,0,0,0,22,50,0,500,140,0,0,0,0,0,"CARP5","CARP","5"
0,0,121,65,70,0,0,0,0,0,105,0,0,0,0,0,0,0,0,0,0,0,0,0,0,0,0,0,0,0,0,0,0,0,22,42,144,371,99,0,0,0,0,0,"CARP5","CARP","5"
0,0,32,0,14,102,0,0,0,0,387,151,107,312,320,38,0,0,0,0,0,0,0,55,21,92,0,25,0,0,0,0,0,0,0,37,0,533,99,0,0,0,0,0,"CARP5","CARP","5"
0,48,149,81,39,0,0,0,0,0,126,0,0,0,0,0,0,0,0,0,0,0,0,0,0,0,0,0,0,0,0,0,0,0,0,41,0,432,122,0,0,0,0,0,"CARP5","CARP","5"
0,0,0,0,11,0,0,0,0,0,0,0,0,0,0,0,0,0,0,0,0,0,0,0,0,0,0,0,0,0,0,0,0,0,0,334,0,241,167,24,0,164,0,0,"CARP6","CARP","6"
0,0,0,60,212,167,0,0,0,0,0,0,0,0,0,0,0,0,0,0,0,0,0,0,0,0,0,0,0,0,0,0,0,0,31,307,0,254,140,21,0,0,0,0,"CARP6","CARP","6"
0,0,0,0,38,0,0,0,0,0,0,0,0,0,0,0,0,0,0,0,0,0,0,0,0,0,0,0,0,0,0,0,0,0,33,293,0,324,180,23,0,27,0,0,"CARP6","CARP","6"
0,0,0,156,243,194,0,0,0,0,0,0,0,0,0,0,0,0,0,0,0,0,0,0,0,0,0,0,0,0,0,0,0,0,49,351,0,205,95,0,0,0,0,0,"CARP6","CARP","6"
0,0,0,71,187,140,0,0,0,0,0,0,0,0,0,0,0,0,0,0,0,0,0,0,0,0,0,0,0,0,0,0,0,0,0,303,0,358,315,0,0,0,0,0,"CARP6","CARP","6"
0,0,0,324,385,459,0,0,0,0,0,0,0,0,0,0,0,0,0,0,0,0,0,0,0,0,0,0,0,0,0,0,0,0,197,422,0,198,0,24,0,0,0,0,"CARP6","CARP","6"
0,0,0,204,332,414,0,111,0,0,0,0,0,0,0,0,0,0,0,0,0,0,0,0,0,0,0,0,0,0,0,0,0,0,14,159,0,212,80,0,0,0,0,0,"CARP6","CARP","6"
0,0,0,411,338,453,0,0,0,0,0,0,0,0,0,0,0,0,0,0,0,0,0,0,0,0,0,0,0,0,0,0,0,0,276,463,0,239,207,0,0,0,0,0,"CARP6","CARP","6"
0,0,35,495,548,645,0,125,0,0,0,0,0,0,0,0,0,0,0,0,0,0,0,0,0,0,0,0,0,0,0,0,0,0,32,132,99,203,48,0,0,0,0,0,"CARP7","CARP","7"
0,0,202,555,461,528,0,0,0,0,0,0,0,0,0,0,0,0,0,0,0,0,0,0,0,0,0,0,0,0,0,0,0,0,174,306,0,223,30,0,0,0,0,0,"CARP7","CARP","7"
0,0,38,410,524,428,0,84,0,0,0,0,0,0,0,0,0,0,0,0,0,0,0,0,0,0,0,0,0,0,0,0,0,0,27,131,85,254,57,0,0,0,0,0,"CARP7","CARP","7"
0,0,194,537,418,347,0,20,0,0,0,0,0,0,0,0,0,0,0,0,0,0,0,0,0,0,0,0,0,0,0,0,0,0,147,268,0,196,55,0,0,0,0,0,"CARP7","CARP","7"
0,0,50,300,381,344,0,75,0,0,0,0,0,0,0,0,0,0,0,0,0,0,0,0,0,0,0,0,0,0,0,0,0,0,0,219,168,585,279,0,0,0,0,0,"CARP7","CARP","7"
0,0,263,471,390,297,0,0,0,0,0,0,0,0,0,0,0,0,0,0,0,0,0,0,0,0,0,0,0,0,0,0,0,0,138,302,121,273,61,0,0,0,0,0,"CARP7","CARP","7"
0,0,40,189,226,133,0,17,0,0,0,0,0,0,0,0,0,0,0,0,0,0,0,0,0,0,0,0,0,0,0,0,0,0,0,109,0,425,108,0,0,0,0,0,"CARP7","CARP","7"
0,0,265,455,355,227,0,0,0,0,0,0,0,0,0,0,0,0,0,0,0,0,0,0,0,0,0,0,0,0,0,0,0,0,188,309,186,459,140,0,0,0,0,0,"CARP7","CARP","7"
0,0,40,195,207,257,0,0,0,0,0,0,0,0,0,0,0,0,0,0,0,0,0,0,0,0,0,0,0,0,0,0,0,0,15,95,92,183,19,0,0,0,0,0,"CARP8","CARP","8"
0,0,0,0,0,0,0,0,0,0,0,0,0,0,0,0,0,0,0,0,0,0,0,0,0,0,0,0,0,0,0,0,0,0,0,46,0,270,77,0,0,0,0,0,"CARP8","CARP","8"
0,0,137,146,142,87,0,17,0,0,123,0,0,0,0,0,0,0,0,0,0,0,0,0,0,0,0,0,0,0,0,0,0,0,67,114,0,306,113,0,0,0,0,0,"CARP8","CARP","8"
0,0,140,92,103,0,0,0,0,0,0,0,0,0,0,0,0,0,0,0,0,0,0,0,0,0,0,0,0,0,0,0,0,0,37,104,174,398,86,0,0,0,0,0,"CARP8","CARP","8"
0,0,115,74,104,162,0,0,0,0,66,0,0,0,0,0,0,0,0,0,0,0,0,0,0,0,0,0,0,0,0,0,0,0,82,54,0,344,77,0,0,0,0,0,"CARP8","CARP","8"
0,0,194,155,200,0,0,0,0,0,0,0,0,0,0,0,0,0,0,0,0,0,0,0,0,0,0,0,0,0,0,0,0,0,35,161,123,554,95,0,0,0,0,0,"CARP8","CARP","8"
0,0,121,65,70,0,0,0,0,0,105,0,0,0,0,0,0,0,0,0,0,0,0,0,0,0,0,0,0,0,0,0,0,0,22,42,144,371,99,0,0,0,0,0,"CARP8","CARP","8"
0,0,0,0,292,502,0,0,0,0,42,0,0,14,20,0,24,198,0,0,86,317,32,93,0,26,0,0,0,0,0,0,0,0,0,0,0,0,0,0,0,0,0,0,"GOLB1","GOLB","1"
0,0,0,0,298,446,0,0,0,0,0,0,0,115,215,0,38,468,0,0,225,590,171,269,27,136,0,0,0,0,0,0,0,0,0,0,0,0,0,0,0,0,0,0,"GOLB1","GOLB","1"
0,0,0,45,526,716,0,0,0,0,42,0,14,204,188,29,96,387,0,0,124,469,112,99,0,0,0,0,0,0,0,0,0,0,0,0,0,47,0,0,0,249,34,0,"GOLB1","GOLB","1"
0,0,0,114,649,652,0,0,0,0,0,0,19,360,471,43,183,509,34,0,173,568,180,139,0,75,0,0,0,0,0,0,0,0,0,0,45,132,0,0,0,331,0,0,"GOLB1","GOLB","1"
0,0,0,57,546,706,0,0,0,0,36,15,26,338,383,31,138,483,47,0,212,569,189,110,0,28,0,0,0,0,0,0,0,0,0,32,43,194,65,0,18,511,74,0,"GOLB1","GOLB","1"
0,0,0,118,662,569,0,0,0,0,0,0,19,345,413,31,117,414,0,0,151,505,241,116,0,80,0,0,0,0,0,0,0,0,0,30,56,264,65,0,35,485,88,0,"GOLB1","GOLB","1"
0,0,0,0,213,475,32,0,0,0,45,0,13,62,179,31,32,408,0,0,142,534,147,142,0,0,0,0,0,0,0,0,0,0,0,0,0,0,0,0,0,397,45,0,"GOLB2","GOLB","2"
0,0,0,57,546,706,0,0,0,0,36,15,26,338,383,31,138,483,47,0,212,569,189,110,0,28,0,0,0,0,0,0,0,0,0,32,43,194,65,0,18,511,74,0,"GOLB2","GOLB","2"
0,0,0,0,347,661,47,0,0,47,30,0,11,20,128,67,32,372,0,0,142,509,122,115,0,0,0,0,0,0,0,0,0,0,0,0,0,38,0,0,12,399,58,0,"GOLB2","GOLB","2"
0,0,0,50,583,725,0,0,0,0,0,24,55,372,362,32,102,432,41,0,198,618,174,114,0,58,0,0,0,0,0,0,0,0,0,0,0,176,0,0,32,554,88,0,"GOLB2","GOLB","2"
0,0,0,0,313,513,14,0,0,0,0,0,0,83,97,0,24,282,0,0,106,277,27,41,0,0,0,0,0,0,0,0,0,0,0,0,0,0,0,0,0,394,41,0,"GOLB2","GOLB","2"
0,0,0,26,632,731,32,0,0,0,0,0,15,312,436,23,161,429,0,0,239,509,102,102,0,26,0,0,0,0,0,0,0,0,0,0,0,71,0,0,0,522,67,0,"GOLB2","GOLB","2"
0,0,0,21,481,537,0,0,0,0,0,0,0,72,189,59,20,203,0,0,95,197,0,0,0,0,0,0,0,0,0,0,0,0,0,0,0,0,0,0,0,35,0,0,"GOLB3","GOLB","3"
0,0,0,93,509,566,0,0,0,0,0,0,0,236,482,65,111,387,0,0,133,399,61,77,0,0,0,0,0,0,0,0,0,0,0,0,0,37,0,0,0,222,0,0,"GOLB3","GOLB","3"
0,0,0,0,430,527,0,0,0,0,0,0,0,41,23,47,24,106,0,0,43,155,0,0,0,0,0,0,0,0,0,0,0,0,0,0,0,0,0,0,0,0,0,0,"GOLB3","GOLB","3"
0,0,0,27,496,606,0,0,0,0,0,0,0,231,484,92,111,383,0,0,117,296,115,45,0,0,0,0,0,0,0,0,0,0,0,0,0,0,0,0,0,270,0,0,"GOLB3","GOLB","3"
0,0,0,0,283,423,11,0,0,0,0,0,0,0,31,0,26,117,0,0,38,197,41,0,0,0,0,0,0,0,0,0,0,0,0,0,0,0,0,0,0,0,0,0,"GOLB3","GOLB","3"
0,30,18,22,399,522,0,0,0,63,63,0,0,102,171,59,71,324,0,0,142,372,139,48,0,0,0,0,0,0,0,0,0,0,0,0,0,0,0,0,0,110,0,0,"GOLB3","GOLB","3"
0,0,0,0,276,330,0,0,0,228,261,139,17,59,0,111,27,124,0,63,293,587,133,323,151,327,0,0,0,0,0,0,0,0,0,0,0,0,0,0,0,140,0,0,"HORA1","HORA","1"
0,0,0,0,182,282,0,0,0,89,133,47,11,22,0,0,0,106,0,0,304,474,72,104,45,190,0,0,0,0,0,0,0,0,0,0,0,0,0,0,0,26,0,0,"HORA1","HORA","1"
0,0,0,0,103,129,0,0,0,56,122,39,0,0,0,0,18,47,0,54,275,426,147,219,106,224,0,0,0,0,0,0,0,0,0,0,0,0,0,0,0,0,0,0,"HORA1","HORA","1"
0,0,0,0,15,0,0,0,0,0,0,29,0,0,0,0,0,0,0,0,0,45,0,0,0,0,0,0,0,0,0,0,0,0,0,0,0,0,0,0,0,0,0,0,"HORA1","HORA","1"
0,0,0,0,37,153,0,0,0,116,135,45,11,0,0,0,0,72,0,0,216,189,57,132,0,82,0,0,0,0,0,0,0,0,0,0,0,0,0,0,0,0,0,0,"HORA1","HORA","1"
0,0,0,0,0,0,0,0,0,41,0,0,0,0,0,0,0,0,0,0,0,22,0,0,0,0,0,0,0,0,0,0,0,0,0,0,0,0,0,0,0,0,0,0,"HORA1","HORA","1"
0,0,0,0,90,243,43,92,175,232,234,175,18,0,0,0,59,331,0,68,257,477,318,523,261,336,0,0,0,0,0,0,0,0,0,0,0,0,0,0,0,0,0,0,"HORA2","HORA","2"
0,0,0,20,51,231,20,84,96,187,277,168,0,0,0,0,74,286,0,70,338,711,411,513,215,297,0,0,0,0,0,0,0,0,0,0,0,0,0,0,0,0,0,0,"HORA2","HORA","2"
29,0,0,0,16,168,10,23,0,132,189,81,0,0,0,0,29,110,0,56,290,575,303,339,128,188,0,0,0,0,0,0,0,0,0,0,0,0,0,0,0,0,0,0,"HORA2","HORA","2"
0,0,0,0,20,198,12,71,115,212,270,145,0,0,0,0,104,207,0,72,383,461,285,534,306,318,0,0,0,0,0,0,0,0,0,0,0,0,0,0,0,0,0,0,"HORA2","HORA","2"
0,0,0,0,37,204,23,56,27,187,236,86,0,0,0,20,92,284,0,72,452,770,414,473,170,285,0,0,0,0,0,0,0,0,0,0,0,0,0,0,0,0,0,0,"HORA2","HORA","2"
0,0,0,0,28,186,11,21,0,120,86,73,17,0,0,25,29,97,0,56,297,524,204,228,39,127,0,0,0,0,0,0,0,0,0,0,0,0,0,0,0,0,0,0,"HORA2","HORA","2"
36,0,0,0,60,195,22,105,0,95,146,118,19,0,0,0,72,189,0,72,340,573,258,336,158,270,0,0,0,0,0,0,0,0,0,0,0,0,0,0,0,0,0,0,"HORA2","HORA","2"
0,0,0,0,35,90,0,0,0,50,47,44,0,0,0,0,0,0,0,0,66,135,0,23,0,33,0,0,0,0,0,0,0,0,0,0,0,0,0,0,0,0,0,0,"HORA3","HORA","3"
0,0,0,0,28,69,0,71,0,54,106,64,21,0,0,0,0,0,0,45,281,341,311,379,92,275,0,0,0,0,0,0,0,0,0,0,0,0,0,0,0,0,0,0,"HORA3","HORA","3"
27,0,0,0,26,75,0,21,0,56,117,72,0,0,0,0,0,0,0,52,167,315,293,317,29,156,0,0,0,0,0,0,0,0,0,0,0,0,0,0,0,0,0,0,"HORA3","HORA","3"
0,0,0,0,82,96,0,18,0,135,177,39,16,0,0,0,0,0,0,41,114,131,122,168,33,51,0,0,0,0,0,0,0,0,0,0,0,0,0,0,0,0,0,0,"HORA3","HORA","3"
0,0,0,0,54,252,13,37,0,116,153,59,0,0,0,0,39,115,0,59,252,146,135,209,41,108,0,0,0,0,0,0,0,0,0,0,0,0,0,0,0,0,0,0,"HORA3","HORA","3"
0,0,0,0,20,72,0,71,0,27,79,107,0,0,0,0,0,0,0,36,198,278,324,343,45,305,0,0,0,0,0,0,0,0,0,0,0,0,0,0,0,0,0,0,"HORA3","HORA","3"
0,0,0,0,0,72,0,23,0,68,47,50,0,0,0,0,0,0,0,0,110,197,212,246,0,247,0,0,0,0,0,0,0,0,0,0,0,0,0,0,0,0,0,0,"HORA3","HORA","3"
0,422,648,356,429,311,0,0,28,312,664,78,33,420,554,125,63,182,0,0,135,473,225,270,69,0,0,0,0,26,65,0,0,0,0,0,0,284,0,192,266,771,157,0,"INNP1","INNP","1"
0,183,344,261,277,403,0,34,28,166,641,87,27,408,570,189,59,279,38,0,119,602,311,296,45,0,0,0,0,51,74,0,0,0,0,0,0,333,41,269,198,677,130,0,"INNP1","INNP","1"
0,251,468,363,402,356,0,0,28,275,731,87,32,333,489,119,79,178,0,0,81,392,205,269,0,0,0,0,0,57,69,0,0,0,0,0,0,369,29,276,320,783,149,0,"INNP1","INNP","1"
0,131,323,338,264,266,13,53,33,196,671,101,0,306,416,213,106,137,0,0,47,415,239,280,0,0,0,0,0,81,116,0,0,0,0,31,66,485,164,302,188,650,139,0,"INNP1","INNP","1"
0,123,389,269,270,392,0,30,30,245,632,89,27,307,426,114,101,281,0,0,92,408,189,280,36,0,0,0,0,20,51,0,0,0,0,0,54,334,88,297,279,687,103,0,"INNP1","INNP","1"
0,91,155,215,146,464,0,47,0,135,625,90,0,269,351,168,47,176,50,0,0,369,241,300,0,0,0,0,0,75,90,0,0,0,0,24,69,356,59,266,141,540,97,0,"INNP1","INNP","1"
0,131,453,488,425,540,0,14,37,268,823,158,23,390,473,324,131,374,47,0,293,768,351,332,108,0,0,0,0,90,86,0,0,0,0,36,43,282,61,357,197,616,101,0,"INNP2","INNP","2"
0,116,212,218,223,425,52,43,0,135,565,131,0,294,308,300,126,187,50,0,115,498,337,326,0,127,0,0,0,0,29,0,0,0,0,0,0,205,47,33,0,270,54,0,"INNP2","INNP","2"
0,121,328,472,401,581,28,61,28,252,783,162,30,431,459,276,115,356,56,0,293,757,441,325,105,0,0,0,0,66,90,0,0,0,0,38,34,276,40,310,209,657,106,0,"INNP2","INNP","2"
0,100,201,283,208,392,145,73,0,126,569,138,15,326,312,297,74,293,115,0,196,526,441,322,0,143,0,0,0,0,27,0,0,0,0,0,0,98,0,28,23,306,67,0,"INNP2","INNP","2"
0,35,112,265,364,468,49,15,75,288,772,155,14,395,378,198,52,284,0,0,324,775,488,347,87,0,0,0,0,27,54,0,0,0,0,0,31,136,31,189,157,591,108,0,"INNP2","INNP","2"
0,60,102,227,241,558,167,44,0,119,542,147,18,356,354,327,169,232,101,0,113,594,509,332,0,87,0,0,0,0,26,0,0,0,0,0,0,96,0,0,24,298,85,0,"INNP2","INNP","2"
0,96,18,0,206,110,0,0,30,29,54,0,0,0,0,0,0,155,0,54,203,81,0,74,69,0,0,0,0,0,0,0,0,0,0,0,0,0,0,0,0,0,0,0,"INNP3","INNP","3"
0,0,0,0,172,180,0,0,68,193,265,105,0,0,0,23,0,365,0,51,313,197,50,190,276,0,0,0,0,0,0,0,0,0,0,0,0,0,0,0,0,27,0,0,"INNP3","INNP","3"
0,0,0,0,215,92,0,0,59,234,324,71,0,21,0,52,47,590,0,141,430,243,106,356,347,0,0,0,0,0,0,0,0,0,0,0,0,0,0,0,0,89,63,19,"INNP3","INNP","3"
0,0,0,19,302,248,0,32,75,281,418,50,0,23,0,32,61,603,38,234,529,395,146,379,314,0,0,0,0,0,0,0,0,0,0,0,0,0,0,0,0,0,0,0,"INNP3","INNP","3"
0,57,0,17,158,180,0,0,28,41,56,23,0,0,0,0,0,135,0,0,196,89,34,116,109,0,0,0,0,0,0,0,0,0,0,0,0,0,0,0,0,0,0,0,"INNP3","INNP","3"
0,0,0,0,163,70,0,0,28,128,103,71,0,0,0,0,0,394,0,72,367,174,54,218,312,0,0,0,0,0,0,0,0,0,0,0,0,0,0,0,0,0,45,0,"INNP3","INNP","3"
0,0,0,0,242,86,0,0,81,210,293,23,0,20,0,29,135,556,0,150,464,247,117,305,351,0,0,0,0,0,0,0,0,0,0,0,0,0,0,0,0,36,59,17,"INNP3","INNP","3"
0,0,0,19,437,252,0,32,96,396,547,57,0,0,0,29,61,630,0,207,511,359,151,344,285,0,0,0,0,0,0,0,0,0,0,0,0,0,0,0,0,164,90,0,"INNP3","INNP","3"
0,52,0,258,517,403,0,0,0,0,0,0,0,0,0,0,0,0,0,0,0,0,0,112,221,0,0,0,0,0,0,0,0,125,45,87,151,27,0,49,442,771,0,0,"IVEE1","IVEE","1"
0,99,21,348,573,531,0,0,0,0,0,0,0,0,0,0,0,0,0,0,0,0,0,146,275,0,0,0,0,0,0,0,0,75,35,42,102,138,0,96,463,673,0,0,"IVEE1","IVEE","1"
0,199,23,312,473,421,0,0,0,0,0,0,0,0,0,0,0,0,0,0,43,257,47,393,594,0,0,0,0,0,0,0,0,140,46,123,135,147,0,78,441,757,0,0,"IVEE1","IVEE","1"
0,299,32,447,548,452,0,0,0,0,0,0,0,0,0,0,0,0,0,0,43,428,99,512,701,0,0,0,0,0,0,0,0,113,34,93,115,156,0,87,440,745,0,0,"IVEE1","IVEE","1"
0,86,0,317,497,623,0,18,95,114,88,0,0,0,0,0,0,0,0,0,304,857,466,499,669,307,0,0,36,24,0,0,0,0,0,92,122,60,0,21,280,608,0,0,"IVEE1","IVEE","1"
0,182,0,381,474,612,0,29,0,0,0,0,0,0,0,0,0,0,0,0,218,728,315,519,627,128,0,0,0,0,0,0,0,118,43,186,151,143,0,58,469,769,0,0,"IVEE1","IVEE","1"
0,80,0,221,407,313,0,0,100,305,279,0,0,0,0,0,0,0,0,0,77,187,0,160,279,132,0,0,0,0,0,0,0,0,0,0,0,0,0,0,0,0,0,0,"IVEE10","IVEE","10"
0,92,22,242,374,414,0,0,167,393,407,0,0,0,0,19,0,108,0,86,162,298,34,157,272,190,0,0,0,0,0,0,0,0,0,0,0,0,0,0,0,0,0,0,"IVEE10","IVEE","10"
0,60,0,355,421,479,0,0,136,317,342,19,0,0,0,0,0,90,0,0,79,216,88,264,380,204,0,0,0,0,0,0,0,0,0,0,0,0,0,0,0,25,0,0,"IVEE10","IVEE","10"
23,122,18,291,416,443,0,0,148,330,382,0,0,0,0,0,0,155,0,117,313,510,148,299,430,327,0,0,33,0,0,0,0,0,0,0,0,0,0,0,0,0,0,0,"IVEE10","IVEE","10"
20,148,0,436,445,551,0,21,125,371,401,0,0,0,0,0,0,140,0,95,268,563,112,306,500,303,0,0,0,0,0,0,0,0,0,0,0,0,0,0,0,250,0,0,"IVEE10","IVEE","10"
0,109,18,378,366,403,0,18,171,311,344,0,0,0,0,15,26,313,0,108,383,644,140,344,520,291,0,0,0,0,0,0,0,0,0,0,0,0,0,0,0,80,0,0,"IVEE10","IVEE","10"
25,187,18,401,412,536,0,20,202,398,392,0,0,0,0,0,23,284,0,95,387,699,148,384,621,232,0,0,27,0,0,0,0,0,0,0,0,0,0,0,29,537,0,14,"IVEE10","IVEE","10"
0,115,41,378,360,486,0,54,136,348,401,0,0,0,0,0,57,374,0,90,342,587,94,334,531,263,0,0,30,0,0,0,0,0,0,0,0,0,0,0,23,501,0,13,"IVEE10","IVEE","10"
0,14,0,195,334,488,0,87,206,557,641,23,0,0,0,0,0,54,0,153,540,758,189,367,641,120,0,0,26,27,0,0,0,0,0,0,0,0,0,0,67,575,72,19,"IVEE11","IVEE","11"
0,34,0,274,340,495,0,60,211,536,574,20,0,0,0,0,90,257,0,198,619,692,131,359,540,60,0,0,0,24,30,0,0,0,0,0,0,0,0,0,111,696,79,24,"IVEE11","IVEE","11"
0,76,0,269,408,556,0,72,207,552,520,16,0,0,0,0,0,47,0,90,542,763,254,436,646,120,0,0,27,32,0,0,0,0,0,0,0,0,0,0,65,468,86,17,"IVEE11","IVEE","11"
0,29,0,204,333,555,0,70,206,578,520,17,0,0,0,0,0,158,0,171,614,637,153,333,535,45,0,0,0,0,0,0,0,0,0,0,0,0,0,0,19,318,0,14,"IVEE11","IVEE","11"
0,12,0,170,341,538,16,44,138,278,299,0,0,0,0,0,0,52,0,63,407,711,254,403,585,176,0,0,0,0,0,0,0,0,0,0,0,0,0,0,62,285,43,17,"IVEE11","IVEE","11"
0,37,0,26,240,426,0,60,156,359,479,15,0,0,0,21,0,108,0,108,340,411,38,245,363,80,0,0,0,0,0,0,0,0,0,0,0,0,0,0,0,0,0,0,"IVEE11","IVEE","11"
0,86,0,317,497,623,0,18,95,114,88,0,0,0,0,0,0,0,0,0,304,857,466,499,669,307,0,0,36,24,0,0,0,0,0,92,122,60,0,21,280,608,0,0,"IVEE2","IVEE","2"
0,182,0,381,474,612,0,29,0,0,0,0,0,0,0,0,0,0,0,0,218,728,315,519,627,128,0,0,0,0,0,0,0,118,43,186,151,143,0,58,469,769,0,0,"IVEE2","IVEE","2"
0,77,0,327,564,693,0,0,30,176,200,0,0,0,0,0,0,0,0,0,227,788,401,365,659,384,60,23,29,15,0,0,0,39,28,155,144,107,0,25,355,769,0,0,"IVEE2","IVEE","2"
0,196,18,453,561,682,0,29,0,0,0,0,0,0,0,0,0,0,0,0,232,705,270,385,621,234,0,0,30,0,0,0,0,50,43,168,119,138,0,0,454,779,0,0,"IVEE2","IVEE","2"
0,83,23,323,606,677,0,0,50,230,166,0,0,0,0,0,0,63,0,0,99,594,250,274,557,374,0,23,35,24,20,0,0,0,0,99,141,200,0,45,442,791,0,0,"IVEE2","IVEE","2"
0,69,0,438,459,567,0,19,40,167,144,0,0,0,0,0,0,133,0,0,153,487,171,282,413,340,0,37,38,53,0,0,0,0,0,38,74,147,0,0,379,707,0,0,"IVEE2","IVEE","2"
0,0,120,588,707,770,0,0,0,0,121,0,0,62,164,174,0,50,50,102,437,690,288,321,250,0,0,0,0,0,0,0,0,0,0,48,117,677,281,16,82,639,0,0,"IVEE3","IVEE","3"
0,13,123,342,569,833,0,59,0,0,0,0,0,0,0,183,122,628,216,132,527,762,315,407,238,0,0,0,0,0,0,0,0,0,0,36,90,624,182,36,56,611,0,0,"IVEE3","IVEE","3"
0,0,162,546,497,367,0,0,0,0,94,21,14,158,186,267,0,34,0,0,0,0,0,317,513,257,147,28,30,0,0,0,0,0,0,137,128,677,180,43,177,690,0,0,"IVEE3","IVEE","3"
0,29,413,669,651,799,17,27,0,0,94,28,21,363,410,384,171,374,79,66,173,106,0,271,239,92,102,0,0,0,0,0,0,0,0,51,117,693,241,73,88,707,0,0,"IVEE3","IVEE","3"
0,19,297,579,538,488,14,0,0,0,101,108,18,327,459,339,122,218,56,0,0,25,0,182,300,252,120,24,42,0,0,0,0,0,0,126,101,626,148,47,88,658,0,0,"IVEE3","IVEE","3"
0,32,449,623,601,826,53,15,0,0,34,0,19,498,545,441,215,612,218,135,259,385,135,167,54,140,54,0,0,0,0,0,0,0,0,41,101,655,252,78,74,659,0,0,"IVEE3","IVEE","3"
0,0,0,104,723,738,0,54,0,0,86,0,18,228,402,123,113,119,0,0,0,23,0,81,236,176,90,0,0,0,0,0,0,0,0,42,131,598,135,0,208,729,0,0,"IVEE5","IVEE","5"
0,25,0,179,742,783,0,63,33,215,594,14,27,440,611,261,239,628,68,225,450,526,312,392,276,0,0,0,0,0,0,0,0,0,0,0,45,364,74,0,91,561,0,0,"IVEE5","IVEE","5"
0,0,0,121,724,734,0,12,0,0,27,0,0,42,53,33,53,101,0,0,0,35,0,14,135,173,0,0,0,0,0,0,0,0,0,47,219,671,160,0,196,729,0,0,"IVEE5","IVEE","5"
0,0,0,372,691,783,0,37,0,144,515,0,18,404,369,315,260,538,74,225,380,445,213,288,189,24,0,0,0,0,0,0,0,0,0,0,81,501,97,0,51,486,0,0,"IVEE5","IVEE","5"
0,0,0,138,692,743,9,55,0,0,58,0,0,0,0,58,189,389,45,63,162,67,0,21,0,0,0,0,0,0,0,0,0,0,0,45,159,627,122,0,100,638,0,0,"IVEE5","IVEE","5"
0,0,27,440,662,749,9,19,0,132,540,0,12,347,279,355,278,653,97,108,385,507,216,281,155,23,0,0,0,0,0,0,0,0,0,30,90,557,113,0,27,397,0,0,"IVEE5","IVEE","5"
0,25,0,179,742,783,0,63,33,215,594,14,27,440,611,261,239,628,68,225,450,526,312,392,276,0,0,0,0,0,0,0,0,0,0,0,45,364,74,0,91,561,0,0,"IVEE6","IVEE","6"
0,34,73,438,617,790,21,38,37,432,794,0,21,384,339,283,227,581,83,285,554,775,453,572,380,79,0,0,0,39,0,0,0,0,0,0,57,465,121,0,27,456,0,0,"IVEE6","IVEE","6"
0,0,0,372,691,783,0,37,0,144,515,0,18,404,369,315,260,538,74,225,380,445,213,288,189,24,0,0,0,0,0,0,0,0,0,0,81,501,97,0,51,486,0,0,"IVEE6","IVEE","6"
0,32,163,589,586,812,35,72,30,317,776,0,26,489,354,499,231,540,135,99,439,719,453,581,303,63,0,0,0,36,0,0,0,0,0,29,69,611,189,0,36,456,0,0,"IVEE6","IVEE","6"
0,0,27,440,662,749,9,19,0,132,540,0,12,347,279,355,278,653,97,108,385,507,216,281,155,23,0,0,0,0,0,0,0,0,0,30,90,557,113,0,27,397,0,0,"IVEE6","IVEE","6"
0,43,372,603,538,785,69,52,0,192,758,0,21,525,404,582,213,441,81,0,351,678,420,549,258,182,0,0,0,0,0,0,0,0,0,29,69,609,265,0,19,368,0,0,"IVEE6","IVEE","6"
0,126,22,22,327,245,0,47,100,189,418,0,0,0,0,0,252,414,0,252,740,763,303,383,488,117,0,0,0,0,0,0,0,0,0,0,0,0,0,0,0,76,0,0,"IVEE7","IVEE","7"
0,22,0,0,265,169,0,51,44,218,412,0,0,0,84,149,264,504,0,261,770,761,318,383,490,29,0,0,0,0,0,0,0,0,0,0,0,0,0,0,0,0,0,0,"IVEE7","IVEE","7"
0,190,68,77,340,284,0,44,93,170,362,23,0,36,86,50,219,511,0,183,752,723,285,355,437,160,0,0,0,0,0,0,0,0,0,0,0,0,0,0,25,230,0,0,"IVEE7","IVEE","7"
0,25,0,0,93,72,0,51,40,168,306,0,0,50,144,181,305,533,0,315,756,739,309,361,486,45,0,0,0,0,0,0,0,0,0,0,0,0,0,0,0,0,0,0,"IVEE7","IVEE","7"
0,196,90,122,422,347,0,0,36,80,290,23,0,118,300,186,350,500,0,195,770,656,204,272,360,183,0,0,0,0,0,0,0,0,0,0,0,0,0,0,24,359,0,0,"IVEE7","IVEE","7"
0,68,0,0,243,214,0,69,0,119,207,0,13,100,210,211,291,567,0,213,785,725,279,336,441,24,0,0,0,0,0,0,0,0,0,0,0,0,0,0,0,0,0,0,"IVEE7","IVEE","7"
0,196,90,122,422,347,0,0,36,80,290,23,0,118,300,186,350,500,0,195,770,656,204,272,360,183,0,0,0,0,0,0,0,0,0,0,0,0,0,0,24,359,0,0,"IVEE8","IVEE","8"
0,68,0,0,243,214,0,69,0,119,207,0,13,100,210,211,291,567,0,213,785,725,279,336,441,24,0,0,0,0,0,0,0,0,0,0,0,0,0,0,0,0,0,0,"IVEE8","IVEE","8"
0,30,30,31,294,263,0,0,60,126,288,0,0,32,180,171,297,531,0,186,754,692,123,267,394,183,0,0,0,0,0,0,0,0,0,0,0,0,0,0,0,29,0,0,"IVEE8","IVEE","8"
0,46,0,0,182,207,0,77,0,122,254,0,0,35,159,216,306,608,0,210,797,717,270,371,454,29,0,0,0,0,0,0,0,0,0,0,0,0,0,0,0,0,0,0,"IVEE8","IVEE","8"
0,13,26,0,174,140,0,0,27,83,238,0,0,32,116,154,291,581,0,195,779,688,195,304,356,54,0,0,0,0,0,0,0,0,0,0,0,0,0,0,0,0,0,0,"IVEE8","IVEE","8"
0,38,0,0,174,175,0,98,27,108,265,0,0,45,57,153,287,587,0,270,815,715,267,362,436,43,0,0,0,0,0,0,0,0,0,0,0,0,0,0,0,0,0,0,"IVEE8","IVEE","8"
0,0,0,0,0,0,0,0,0,0,0,0,0,0,0,0,0,0,0,0,0,0,0,0,0,0,0,0,0,0,20,0,81,584,107,164,227,95,0,18,330,888,92,0,"IVEE9","IVEE","9"
0,0,0,0,0,0,0,0,0,0,0,0,0,0,0,0,0,0,0,0,0,0,0,0,0,0,0,0,0,0,26,0,96,602,138,140,176,0,0,14,305,865,72,0,"IVEE9","IVEE","9"
0,0,0,0,0,0,0,0,0,0,0,0,0,0,0,0,0,0,0,0,0,0,0,0,0,0,0,0,0,0,0,0,44,476,125,183,207,136,0,34,334,886,77,0,"IVEE9","IVEE","9"
0,0,0,0,0,0,0,0,0,0,0,0,0,0,0,0,0,0,0,0,0,0,0,0,0,0,0,0,0,59,57,0,0,342,46,96,162,129,0,17,346,863,47,0,"IVEE9","IVEE","9"
0,0,0,0,0,0,0,0,0,0,0,0,0,0,0,0,0,0,0,0,0,0,0,0,0,0,0,0,0,0,0,0,41,147,36,102,236,339,112,103,395,878,70,0,"IVEE9","IVEE","9"
0,0,0,0,0,0,0,0,0,0,0,0,0,0,0,0,0,0,0,0,0,0,0,0,0,0,0,0,0,0,39,0,0,0,0,42,171,320,81,80,380,869,50,0,"IVEE9","IVEE","9"
0,0,0,0,0,0,0,0,0,0,0,0,0,0,0,0,0,0,0,0,0,0,0,0,0,0,0,0,0,0,0,0,0,163,57,59,205,325,86,74,438,869,56,0,"IVEE9","IVEE","9"
0,0,0,0,0,0,0,0,0,0,0,0,0,0,0,0,0,0,0,0,0,0,0,0,0,0,0,0,0,0,0,0,0,81,52,99,196,285,125,52,380,858,52,0,"IVEE9","IVEE","9"
0,0,0,0,80,0,51,0,0,0,0,0,21,0,0,0,0,41,0,0,0,0,0,0,0,0,0,0,0,0,0,0,0,0,0,0,0,0,0,0,0,0,0,0,"LEAD1","LEAD","1"
0,0,0,0,69,69,49,0,0,0,0,33,99,0,0,0,146,187,60,0,45,95,43,23,0,0,0,0,0,0,0,0,0,0,0,0,0,0,0,0,0,0,0,0,"LEAD1","LEAD","1"
0,0,0,0,13,47,0,0,0,0,0,53,130,0,0,0,146,137,0,0,36,101,47,15,0,0,0,0,0,0,0,0,0,0,0,0,0,0,0,0,0,0,0,0,"LEAD1","LEAD","1"
0,0,0,0,142,0,105,34,0,0,0,31,103,0,0,0,218,248,63,0,88,126,45,36,0,0,0,0,0,0,0,0,0,0,0,0,0,0,0,0,0,47,0,0,"LEAD1","LEAD","1"
0,0,0,0,35,70,22,36,0,0,0,24,42,0,0,0,234,259,141,0,95,123,47,39,0,0,0,0,0,0,0,0,0,0,0,0,0,0,0,0,0,38,0,0,"LEAD1","LEAD","1"
0,0,0,0,32,117,41,0,0,0,0,0,0,0,0,0,0,0,0,0,0,0,0,0,0,0,0,0,0,0,0,0,0,0,0,0,0,0,0,0,0,0,0,0,"LEAD2","LEAD","2"
0,0,0,0,63,72,61,0,0,0,0,0,0,0,0,0,0,0,0,0,0,0,0,0,0,0,0,0,0,0,0,0,0,0,0,0,0,0,0,0,0,0,0,0,"LEAD2","LEAD","2"
0,0,0,0,82,203,136,63,0,0,0,24,70,0,0,0,182,63,60,0,104,143,50,43,0,0,0,0,0,0,0,0,0,0,0,0,0,0,0,0,0,0,0,0,"LEAD2","LEAD","2"
0,0,0,0,159,299,152,62,0,0,0,45,118,0,0,0,167,47,0,0,0,110,36,90,33,0,0,0,0,0,0,0,0,0,0,0,0,0,0,0,0,54,0,0,"LEAD2","LEAD","2"
0,0,0,0,123,160,144,78,0,0,0,51,83,0,18,41,198,241,201,84,227,173,43,46,0,0,0,0,0,0,0,0,0,0,0,0,0,0,0,0,16,208,0,0,"LEAD2","LEAD","2"
0,0,0,0,134,182,94,65,0,0,0,22,63,0,41,0,144,126,162,63,212,134,47,47,0,20,0,0,0,0,0,0,0,0,0,0,0,0,0,0,0,91,0,0,"LEAD2","LEAD","2"
0,0,0,0,24,59,63,24,0,0,0,0,17,0,0,0,74,162,159,78,106,0,0,0,0,0,0,0,0,0,0,0,0,0,0,0,0,0,0,113,0,94,0,0,"LEAD3","LEAD","3"
0,0,0,0,55,59,57,20,0,0,0,32,14,0,0,0,137,169,126,0,129,27,0,18,0,0,0,0,0,0,0,0,0,0,0,0,0,0,0,129,15,308,0,0,"LEAD3","LEAD","3"
0,0,0,0,15,45,31,48,0,0,0,0,0,0,0,0,63,95,42,57,32,0,0,0,0,0,0,0,0,0,0,0,0,0,0,0,0,0,0,129,16,0,0,0,"LEAD3","LEAD","3"
0,0,0,0,28,50,59,20,0,0,0,0,0,0,0,0,34,97,57,66,42,0,0,0,0,0,0,0,0,0,0,0,0,0,0,0,0,0,0,129,0,56,0,0,"LEAD3","LEAD","3"
0,0,0,0,14,0,30,29,0,0,0,0,15,0,0,0,0,50,0,0,0,0,0,0,0,0,0,0,0,0,0,0,0,0,0,0,0,0,0,129,0,0,0,0,"LEAD3","LEAD","3"
0,0,0,0,12,43,25,0,0,0,0,0,0,0,0,0,0,32,0,0,0,0,0,0,0,0,0,0,0,0,0,0,0,0,0,0,0,0,0,129,0,0,0,0,"LEAD3","LEAD","3"
0,0,0,0,0,151,0,0,0,32,186,0,0,18,27,0,57,468,0,0,241,790,443,137,30,239,0,0,0,0,0,0,0,0,0,0,0,0,0,0,0,0,0,0,"MESA1","MESA","1"
0,0,0,0,23,160,11,0,0,0,0,0,0,0,0,0,23,398,0,0,311,810,390,98,0,238,0,0,0,0,0,0,0,0,0,0,0,0,0,0,0,0,0,0,"MESA1","MESA","1"
0,0,0,0,0,72,0,0,0,63,150,0,0,12,69,0,30,425,0,0,254,773,425,87,0,224,0,0,0,0,0,0,0,0,0,0,0,0,0,0,0,0,0,0,"MESA1","MESA","1"
0,0,0,0,9,61,0,0,0,0,0,0,0,0,0,0,68,394,0,0,322,798,423,47,0,141,0,0,0,0,0,0,0,0,0,0,0,0,0,0,0,0,0,0,"MESA1","MESA","1"
0,0,0,0,20,241,11,0,0,112,222,0,0,16,20,0,31,380,0,0,275,691,419,105,0,185,0,0,0,0,0,0,0,0,0,0,0,0,0,0,0,0,0,0,"MESA1","MESA","1"
0,0,0,0,0,59,0,0,0,0,0,0,0,0,0,0,29,331,0,0,272,774,453,49,0,140,0,0,0,0,0,0,0,0,0,0,0,0,0,0,0,122,0,0,"MESA1","MESA","1"
0,116,0,0,87,306,18,0,0,22,45,0,0,0,0,0,0,124,0,0,0,395,216,0,0,0,0,0,0,0,0,0,0,0,0,0,0,0,0,0,0,45,0,0,"MESA2","MESA","2"
0,0,0,0,17,142,16,0,0,18,0,0,0,0,0,0,0,225,0,0,41,448,279,0,0,0,0,0,0,0,0,0,0,0,0,0,0,0,0,0,0,0,0,0,"MESA2","MESA","2"
0,114,21,0,92,259,20,0,0,0,36,0,0,0,0,0,0,203,0,0,0,437,330,0,0,57,0,0,0,0,0,0,0,0,0,0,0,0,0,0,0,0,0,0,"MESA2","MESA","2"
0,0,0,0,12,70,0,0,0,0,0,0,0,0,0,0,0,32,0,0,0,381,110,0,0,0,0,0,0,0,0,0,0,0,0,0,0,0,0,0,0,0,0,0,"MESA2","MESA","2"
0,92,23,0,35,153,0,0,0,15,92,0,0,0,20,0,0,142,0,0,0,259,162,0,0,0,0,0,0,0,0,0,0,0,0,0,0,0,0,0,0,0,0,0,"MESA2","MESA","2"
0,0,0,0,0,0,0,0,0,0,0,0,0,0,0,0,0,0,0,0,0,44,0,0,0,0,0,0,0,0,0,0,0,0,0,0,0,0,0,0,0,0,0,0,"MESA2","MESA","2"
0,0,29,35,450,711,0,0,0,0,443,0,16,519,689,49,156,477,52,0,0,555,166,22,0,135,63,0,0,0,50,0,0,0,0,49,83,444,431,0,17,490,207,0,"MESA3","MESA","3"
0,0,21,26,295,578,0,0,0,0,387,0,11,465,723,47,116,484,52,0,59,467,47,0,0,38,59,0,0,0,23,0,0,0,0,86,65,554,378,0,23,609,182,0,"MESA3","MESA","3"
0,0,119,39,527,743,0,0,0,0,495,92,25,576,724,54,183,491,61,0,0,558,198,23,0,131,63,0,0,0,47,0,0,0,0,115,115,600,488,0,0,557,231,0,"MESA3","MESA","3"
0,0,0,35,302,556,0,0,0,0,378,0,10,388,707,45,108,502,52,0,0,368,34,0,0,38,0,0,0,0,0,0,0,0,0,86,45,572,372,0,20,623,180,0,"MESA3","MESA","3"
0,0,96,39,545,754,18,0,0,0,560,29,33,577,709,53,209,482,63,0,0,651,135,48,0,93,45,0,0,57,59,0,0,0,0,117,95,629,470,0,21,636,450,0,"MESA3","MESA","3"
0,0,0,29,293,403,0,0,0,0,351,0,15,387,681,41,15,434,50,0,0,422,56,0,0,0,0,0,0,0,0,0,0,0,0,85,81,603,366,0,22,639,281,0,"MESA3","MESA","3"
0,0,0,0,381,834,142,0,45,0,99,0,66,99,195,0,65,358,131,0,155,518,441,86,0,23,0,0,0,67,39,0,0,0,0,54,113,30,29,44,178,790,106,0,"MOHK1","MOHK","1"
0,0,0,27,426,675,118,0,0,0,117,0,79,201,294,0,108,405,212,0,171,459,387,135,0,57,54,0,0,23,18,0,0,0,0,45,70,36,0,0,73,679,297,0,"MOHK1","MOHK","1"
0,0,0,96,569,810,115,0,39,0,146,29,280,348,441,0,202,511,189,0,99,369,270,74,45,100,42,0,0,135,45,0,0,0,0,110,115,126,137,19,106,794,209,0,"MOHK1","MOHK","1"
0,0,0,123,498,735,124,19,48,0,135,31,143,211,390,34,193,437,230,0,153,279,248,142,0,113,66,0,0,0,0,0,0,0,0,51,70,30,0,0,21,517,401,0,"MOHK1","MOHK","1"
0,0,0,210,704,849,109,0,0,0,299,90,335,535,636,25,335,614,495,0,194,327,288,108,81,310,108,0,39,181,69,0,0,0,0,98,70,422,374,24,120,800,360,0,"MOHK1","MOHK","1"
0,56,126,159,487,759,164,21,48,0,196,61,153,300,360,38,146,407,234,0,149,272,261,203,0,261,96,0,0,0,0,0,0,0,0,38,0,67,68,0,0,384,230,0,"MOHK1","MOHK","1"
0,0,0,210,704,849,109,0,0,0,299,90,335,535,636,25,335,614,495,0,194,327,288,108,81,310,108,0,39,181,69,0,0,0,0,98,70,422,374,24,120,800,360,0,"MOHK2","MOHK","2"
0,56,126,159,487,759,164,21,48,0,196,61,153,300,360,38,146,407,234,0,149,272,261,203,0,261,96,0,0,0,0,0,0,0,0,38,0,67,68,0,0,384,230,0,"MOHK2","MOHK","2"
0,0,0,234,670,852,70,0,48,0,365,74,331,482,663,52,331,592,203,0,185,401,288,114,94,350,141,18,39,130,40,0,0,0,0,108,93,453,329,64,134,789,339,0,"MOHK2","MOHK","2"
0,107,261,224,467,609,181,18,38,0,324,126,173,301,362,43,128,378,167,0,185,321,306,241,128,364,123,0,0,0,0,0,0,0,0,32,69,41,0,0,21,524,257,0,"MOHK2","MOHK","2"
0,0,70,228,767,843,88,0,51,0,446,158,369,489,699,68,329,587,230,0,279,471,279,195,101,432,237,0,45,102,48,0,0,0,0,156,90,512,288,51,185,791,366,0,"MOHK2","MOHK","2"
0,190,495,324,436,612,192,55,35,32,491,198,185,339,423,54,178,317,171,0,268,489,554,419,182,420,150,0,0,24,0,0,0,0,0,119,75,183,77,0,81,678,464,0,"MOHK2","MOHK","2"
0,0,0,0,0,0,0,0,0,0,0,0,0,0,0,0,0,0,0,0,0,0,0,0,0,0,0,0,0,0,0,0,0,0,0,0,0,0,0,0,0,37,0,0,"NAPL1","NAPL","1"
0,0,0,0,0,0,0,0,0,0,0,0,0,0,0,0,0,0,0,0,0,0,0,0,0,0,0,0,0,0,24,0,0,0,0,0,32,0,0,0,18,381,225,0,"NAPL1","NAPL","1"
0,0,0,0,0,0,0,0,0,0,0,0,0,0,0,0,0,0,0,0,0,0,0,0,0,0,0,0,0,0,0,0,0,0,0,0,0,0,0,0,0,83,49,0,"NAPL1","NAPL","1"
0,0,0,0,0,0,0,0,0,0,0,0,0,0,0,0,0,0,0,0,0,0,0,0,0,0,0,0,0,0,32,0,0,0,0,0,0,0,0,0,11,159,198,0,"NAPL1","NAPL","1"
0,0,0,0,0,0,0,0,0,0,0,0,0,0,0,0,0,0,0,0,0,0,0,0,0,0,0,0,0,0,0,0,0,0,0,0,0,0,0,0,0,83,49,0,"NAPL2","NAPL","2"
0,0,0,0,0,0,0,0,0,0,0,0,0,0,0,0,0,0,0,0,0,23,0,0,0,0,0,0,0,60,132,0,0,41,0,37,54,0,0,0,53,551,347,0,"NAPL2","NAPL","2"
0,0,0,0,0,0,0,0,0,0,0,0,0,0,0,0,0,0,0,0,0,0,0,0,0,0,0,0,0,0,32,0,0,0,0,0,0,0,0,0,11,159,198,0,"NAPL2","NAPL","2"
0,0,0,0,0,0,0,0,0,0,0,0,0,0,0,0,0,0,0,0,0,0,0,0,0,0,0,0,0,0,0,0,0,0,0,0,0,0,0,0,14,369,281,0,"NAPL2","NAPL","2"
0,0,0,0,0,0,0,0,0,0,0,0,0,0,0,0,0,0,0,0,0,0,0,0,0,0,0,0,0,0,0,0,0,0,0,0,0,0,0,0,0,0,0,0,"NAPL2","NAPL","2"
0,0,0,0,0,0,0,0,0,0,0,0,0,0,0,0,0,0,0,0,0,0,0,0,0,0,0,0,0,0,0,0,0,0,0,0,0,0,0,0,39,387,160,0,"NAPL2","NAPL","2"
0,0,0,0,0,0,0,0,0,0,0,0,0,0,0,0,0,0,0,0,0,0,0,0,0,0,0,0,0,0,0,0,0,0,0,0,0,0,0,0,0,0,0,0,"NAPL2","NAPL","2"
0,0,0,0,0,0,0,0,0,0,0,0,0,0,0,0,0,0,0,0,0,26,0,0,0,0,0,0,0,21,114,0,0,77,0,46,59,0,0,0,12,548,445,0,"NAPL3","NAPL","3"
0,0,0,0,0,0,0,0,0,0,0,0,0,0,0,0,0,0,0,0,0,0,0,0,0,0,0,0,0,0,0,0,0,0,0,0,0,0,0,0,14,369,281,0,"NAPL3","NAPL","3"
0,0,0,0,0,0,0,0,0,0,0,0,0,0,0,0,0,0,0,0,0,0,0,0,0,0,0,0,0,0,41,0,0,70,0,40,54,0,0,70,112,714,486,0,"NAPL3","NAPL","3"
0,0,0,0,0,0,0,0,0,0,0,0,0,0,0,0,0,0,0,0,0,0,0,0,0,0,0,0,0,0,0,0,0,0,0,0,0,0,0,0,39,387,160,0,"NAPL3","NAPL","3"
0,0,0,0,0,0,0,0,0,0,0,0,0,0,0,0,0,0,0,0,0,0,0,0,0,0,0,0,0,0,23,0,0,43,0,36,45,0,0,15,165,764,410,0,"NAPL3","NAPL","3"
0,0,0,0,0,0,0,0,0,0,0,0,0,0,0,0,0,0,0,0,0,0,0,0,0,0,0,0,0,0,0,0,0,0,0,0,0,0,0,0,25,411,77,0,"NAPL3","NAPL","3"
0,0,0,0,0,0,0,0,0,0,0,0,0,0,0,0,0,0,0,0,0,0,0,0,0,0,0,0,0,0,0,0,0,0,0,0,0,0,0,0,19,300,94,0,"NAPL3","NAPL","3"
0,0,0,0,0,0,0,0,0,0,0,0,0,0,0,0,0,0,0,0,0,23,0,0,0,0,0,0,0,60,132,0,0,41,0,37,54,0,0,0,53,551,347,0,"NAPL4","NAPL","4"
0,0,0,0,0,0,0,0,0,0,0,0,0,0,0,0,0,0,0,0,0,0,0,0,0,0,0,0,0,0,32,0,0,0,0,0,0,0,0,0,11,159,198,0,"NAPL4","NAPL","4"
0,0,0,0,0,0,0,0,0,0,0,0,0,0,0,0,0,0,0,0,0,26,0,0,0,0,0,0,0,21,114,0,0,77,0,46,59,0,0,0,12,548,445,0,"NAPL4","NAPL","4"
0,0,0,0,0,0,0,0,0,0,0,0,0,0,0,0,0,0,0,0,0,0,0,0,0,0,0,0,0,0,0,0,0,0,0,0,0,0,0,0,14,369,281,0,"NAPL4","NAPL","4"
0,0,0,0,0,0,0,0,0,0,0,0,0,0,0,0,0,0,0,0,0,0,0,0,0,0,0,0,0,0,41,0,0,70,0,40,54,0,0,70,112,714,486,0,"NAPL4","NAPL","4"
0,0,0,0,0,0,0,0,0,0,0,0,0,0,0,0,0,0,0,0,0,0,0,0,0,0,0,0,0,0,0,0,0,0,0,0,0,0,0,0,39,387,160,0,"NAPL4","NAPL","4"
0,0,0,0,0,0,0,0,0,0,0,0,0,0,0,0,0,0,0,0,0,0,0,0,0,0,0,0,0,0,23,0,0,43,0,36,45,0,0,15,165,764,410,0,"NAPL4","NAPL","4"
0,0,0,0,0,0,0,0,0,0,0,0,0,0,0,0,0,0,0,0,0,0,0,0,0,0,0,0,0,0,0,0,0,0,0,0,0,0,0,0,25,411,77,0,"NAPL4","NAPL","4"
0,0,0,0,0,32,0,0,0,0,0,0,0,0,0,0,0,0,0,0,0,0,0,0,0,0,0,0,0,0,36,0,0,0,0,0,0,0,0,0,0,301,0,0,"NAPL5","NAPL","5"
0,0,0,0,0,0,0,0,0,0,0,0,0,0,0,0,0,0,0,0,0,0,0,0,0,0,0,0,0,0,84,0,0,47,0,0,27,0,0,0,0,491,106,0,"NAPL5","NAPL","5"
0,0,0,0,0,0,0,0,0,0,0,0,0,0,0,0,0,0,0,0,0,0,0,0,0,0,0,0,0,0,48,0,0,56,0,51,63,0,0,0,63,497,263,0,"NAPL5","NAPL","5"
0,0,0,0,0,0,0,0,0,0,0,0,0,0,0,0,0,0,0,0,0,0,0,0,23,0,0,0,0,0,96,0,0,47,0,47,34,0,0,0,38,545,160,0,"NAPL5","NAPL","5"
0,0,0,0,0,0,0,0,0,0,0,0,0,0,0,0,0,0,0,0,29,0,0,0,0,0,0,0,0,0,41,0,0,44,0,53,0,0,0,0,72,620,293,0,"NAPL5","NAPL","5"
0,0,0,0,0,0,0,0,0,0,0,0,0,0,0,0,0,0,0,0,0,0,0,0,0,0,0,0,0,0,87,0,0,0,0,56,0,0,0,0,45,599,189,0,"NAPL5","NAPL","5"
0,0,0,0,0,0,0,0,0,0,0,0,0,0,0,0,0,0,0,0,0,0,0,0,0,0,0,0,0,0,59,0,0,45,0,39,0,0,0,0,40,603,270,0,"NAPL5","NAPL","5"
0,0,0,0,0,0,0,0,0,0,0,0,0,0,0,0,0,0,0,0,0,0,0,0,0,0,0,0,0,0,87,0,0,0,0,56,0,0,0,0,45,599,189,0,"NAPL6","NAPL","6"
0,0,0,0,0,0,0,0,0,0,0,0,0,0,0,0,0,0,0,0,0,0,0,0,0,0,0,0,0,0,59,0,0,45,0,39,0,0,0,0,40,603,270,0,"NAPL6","NAPL","6"
0,0,0,0,0,0,0,0,0,0,0,0,0,0,0,0,0,0,0,0,0,0,0,0,0,0,0,0,0,0,68,0,0,20,0,33,0,0,0,0,29,342,133,0,"NAPL6","NAPL","6"
0,0,0,0,0,31,0,0,0,0,0,0,0,0,0,0,0,0,0,0,0,0,0,0,0,0,0,0,0,0,108,0,0,0,0,23,0,0,0,0,32,488,187,0,"NAPL6","NAPL","6"
0,0,0,0,0,0,0,0,0,0,0,0,0,0,0,0,0,0,0,0,0,0,0,0,0,0,0,0,0,0,32,0,0,95,0,0,0,0,0,0,0,0,40,0,"NAPL6","NAPL","6"
0,0,0,0,0,22,0,0,0,0,0,0,0,0,0,0,0,0,0,0,0,0,0,0,0,0,0,0,0,0,51,0,0,81,0,0,0,0,0,0,0,56,49,0,"NAPL6","NAPL","6"
0,0,0,0,0,0,0,0,0,0,0,0,0,0,0,0,0,0,0,0,0,0,0,0,0,0,0,0,0,0,0,0,0,0,0,0,0,0,0,0,0,0,0,0,"NAPL7","NAPL","7"
0,0,0,0,0,0,0,0,0,0,0,0,0,0,0,0,0,0,0,0,0,0,0,0,0,0,0,0,0,0,57,0,0,0,0,19,23,0,0,0,0,55,128,0,"NAPL7","NAPL","7"
0,0,0,0,0,32,0,0,0,0,0,0,0,0,0,0,0,0,0,0,0,0,0,0,0,0,0,0,0,0,36,0,0,0,0,0,0,0,0,0,0,301,0,0,"NAPL7","NAPL","7"
0,0,0,0,0,0,0,0,0,0,0,0,0,0,0,0,0,0,0,0,0,0,0,0,0,0,0,0,0,0,51,0,0,42,0,33,45,0,0,0,0,201,184,0,"NAPL7","NAPL","7"
0,0,0,0,0,0,0,0,0,0,0,0,0,0,0,0,0,0,0,0,0,0,0,0,0,0,0,0,0,0,84,0,0,47,0,0,27,0,0,0,0,491,106,0,"NAPL7","NAPL","7"
0,0,0,0,0,0,0,0,0,0,0,0,0,0,0,0,0,0,0,0,0,0,0,0,0,0,0,0,0,0,48,0,0,56,0,51,63,0,0,0,63,497,263,0,"NAPL7","NAPL","7"
0,0,0,0,0,0,0,0,0,0,0,0,0,0,0,0,0,0,0,0,0,0,0,0,0,0,0,0,0,0,0,0,0,0,0,0,0,0,0,0,0,301,95,0,"NAPL8","NAPL","8"
0,0,0,0,0,32,0,0,0,0,0,0,0,0,0,0,0,0,0,0,0,0,0,0,0,0,0,0,0,0,36,0,0,0,0,0,0,0,0,0,0,301,0,0,"NAPL8","NAPL","8"
0,0,0,0,0,0,0,0,0,0,0,0,0,0,0,0,0,0,0,0,0,0,0,0,0,0,0,0,0,0,104,0,0,0,0,18,0,0,0,0,36,450,178,0,"NAPL8","NAPL","8"
0,0,0,0,0,0,0,0,0,0,0,0,0,0,0,0,0,0,0,0,0,0,0,0,0,0,0,0,0,0,84,0,0,47,0,0,27,0,0,0,0,491,106,0,"NAPL8","NAPL","8"
0,0,0,0,0,0,0,0,0,0,0,0,0,0,0,0,0,0,0,0,0,0,0,0,0,0,0,0,0,0,105,0,0,0,0,35,0,0,0,0,28,157,67,0,"NAPL8","NAPL","8"
0,0,0,0,0,0,0,0,0,0,0,0,0,0,0,0,0,0,0,0,0,0,0,0,23,0,0,0,0,0,96,0,0,47,0,47,34,0,0,0,38,545,160,0,"NAPL8","NAPL","8"
0,0,0,0,0,0,0,0,0,0,0,0,0,0,0,0,0,0,0,0,0,0,0,0,0,0,0,0,0,0,0,0,0,0,0,0,0,0,0,0,0,0,0,0,"OAKS1","OAKS","1"
0,0,0,0,0,0,0,0,0,0,0,0,0,0,0,0,0,0,0,0,0,0,0,0,0,0,0,0,0,0,0,0,0,0,0,0,0,0,0,0,0,0,0,0,"OAKS1","OAKS","1"
0,0,0,0,0,0,0,0,0,0,0,0,0,0,0,0,0,0,0,0,0,0,0,0,0,0,0,0,0,0,0,0,0,0,0,0,0,0,0,0,0,112,0,0,"OAKS1","OAKS","1"
0,0,0,0,0,0,0,0,0,0,0,0,0,0,0,0,0,0,0,0,0,0,0,0,0,0,0,0,0,0,0,0,0,0,0,0,0,0,0,0,18,238,52,0,"OAKS1","OAKS","1"
0,0,0,0,0,0,0,0,0,0,0,0,0,0,0,0,0,0,0,0,0,0,0,0,0,0,0,0,0,0,0,0,0,0,0,0,0,0,0,0,23,265,86,0,"OAKS1","OAKS","1"
0,0,0,0,0,0,0,0,0,0,0,0,0,0,0,0,0,0,0,0,0,0,0,0,0,0,0,0,0,0,0,0,0,0,0,0,0,0,0,0,0,90,0,0,"OAKS1","OAKS","1"
0,0,0,0,0,0,0,0,0,0,0,0,0,0,0,0,0,0,0,0,0,0,0,0,0,0,0,0,0,0,0,0,0,0,0,0,0,0,0,0,0,0,0,0,"OAKS2","OAKS","2"
0,0,0,0,0,0,0,0,0,0,0,0,0,0,0,0,0,0,0,0,0,0,0,0,0,0,0,0,0,0,0,0,0,0,0,0,0,0,0,0,0,112,0,0,"OAKS2","OAKS","2"
0,0,0,0,0,0,0,0,0,0,0,0,0,0,0,0,0,0,0,0,0,0,0,0,0,0,0,0,0,0,0,0,0,0,0,0,0,0,0,0,0,122,0,0,"OAKS2","OAKS","2"
0,0,0,0,0,0,0,0,0,0,0,0,0,0,0,0,0,0,0,0,0,0,0,0,0,0,0,0,0,0,0,0,0,0,0,0,0,0,0,0,18,238,52,0,"OAKS2","OAKS","2"
0,0,0,0,0,0,0,0,0,0,0,0,0,0,0,0,0,0,0,0,0,0,0,0,0,0,0,0,0,0,0,0,0,0,0,0,0,0,0,0,23,265,86,0,"OAKS2","OAKS","2"
0,0,0,0,0,0,0,0,0,0,0,0,0,0,0,0,0,0,0,0,0,0,0,0,0,0,0,0,0,0,0,0,0,0,0,0,0,0,0,0,0,90,0,0,"OAKS2","OAKS","2"
0,0,0,0,0,0,0,0,0,0,0,0,0,0,0,0,0,0,0,0,0,0,0,62,0,19,0,0,0,0,0,0,0,30,0,0,0,0,0,0,53,267,47,0,"OAKS2","OAKS","2"
0,0,0,0,0,0,0,0,0,0,0,0,0,0,0,0,0,0,0,0,0,0,0,0,0,0,0,0,0,0,0,0,0,0,0,0,0,0,0,0,0,122,0,0,"OAKS3","OAKS","3"
0,0,0,0,0,0,0,0,0,0,0,0,0,0,0,0,0,77,0,0,0,0,0,0,0,0,0,0,0,0,0,0,0,0,0,0,0,0,0,0,0,0,0,0,"OAKS3","OAKS","3"
0,0,0,0,0,0,0,0,0,0,0,0,0,0,0,0,0,0,0,0,0,0,0,0,0,0,0,0,0,0,0,0,0,0,0,0,0,0,0,0,23,265,86,0,"OAKS3","OAKS","3"
0,0,0,0,0,0,0,0,0,0,0,0,0,0,0,0,0,77,0,0,0,0,0,0,0,0,0,0,0,0,0,0,0,0,0,0,0,0,0,0,0,99,0,0,"OAKS3","OAKS","3"
0,0,0,0,0,0,0,0,0,0,0,0,0,0,0,0,0,0,0,0,0,0,0,62,0,19,0,0,0,0,0,0,0,30,0,0,0,0,0,0,53,267,47,0,"OAKS3","OAKS","3"
0,0,0,0,0,0,0,0,0,0,0,0,0,0,0,0,0,90,0,0,29,0,0,33,0,0,0,0,0,0,0,0,0,48,0,0,0,0,0,0,0,178,65,0,"OAKS3","OAKS","3"
0,17,0,0,95,141,0,0,33,0,0,0,0,0,0,0,0,0,0,0,216,300,198,0,0,0,0,0,0,35,53,0,0,0,0,114,32,317,243,60,49,689,191,0,"REFU1","REFU","1"
0,458,512,391,461,543,52,32,85,196,405,59,0,107,198,258,432,465,54,106,452,836,495,56,38,23,0,0,0,346,174,0,0,0,0,90,38,413,221,75,257,793,257,0,"REFU1","REFU","1"
27,119,0,0,264,393,0,0,71,22,158,0,0,0,0,0,72,149,0,36,358,537,367,45,0,23,0,0,0,274,191,0,0,0,0,125,31,265,203,23,115,762,232,0,"REFU1","REFU","1"
0,477,484,345,285,384,37,52,87,243,455,73,51,111,250,353,510,498,77,162,455,756,497,66,0,0,0,0,0,444,230,0,0,0,0,105,29,463,273,58,49,599,162,0,"REFU1","REFU","1"
74,377,183,231,443,507,36,16,89,124,299,51,49,30,113,0,309,324,0,99,576,751,360,101,80,154,0,0,0,303,113,0,0,0,0,89,36,351,167,0,194,797,263,0,"REFU1","REFU","1"
86,498,430,354,267,339,0,70,77,299,495,98,63,53,201,389,525,585,79,147,450,687,378,75,0,174,0,0,0,156,60,0,0,0,0,30,0,473,78,0,0,360,47,0,"REFU1","REFU","1"
0,458,512,391,461,543,52,32,85,196,405,59,0,107,198,258,432,465,54,106,452,836,495,56,38,23,0,0,0,346,174,0,0,0,0,90,38,413,221,75,257,793,257,0,"REFU2","REFU","2"
0,438,534,489,322,564,148,93,82,261,508,108,35,254,496,639,651,672,180,63,351,697,322,70,0,132,0,0,0,377,125,0,0,0,0,102,0,208,117,32,181,890,302,0,"REFU2","REFU","2"
0,477,484,345,285,384,37,52,87,243,455,73,51,111,250,353,510,498,77,162,455,756,497,66,0,0,0,0,0,444,230,0,0,0,0,105,29,463,273,58,49,599,162,0,"REFU2","REFU","2"
0,411,378,381,114,414,129,69,0,198,362,78,44,179,474,567,660,633,171,132,299,612,360,102,0,0,0,0,0,364,135,0,0,0,0,84,0,348,159,50,42,687,212,0,"REFU2","REFU","2"
86,498,430,354,267,339,0,70,77,299,495,98,63,53,201,389,525,585,79,147,450,687,378,75,0,174,0,0,0,156,60,0,0,0,0,30,0,473,78,0,0,360,47,0,"REFU2","REFU","2"
0,389,259,246,83,255,68,44,0,139,391,42,21,137,307,419,537,570,137,120,227,595,410,127,0,149,0,0,0,107,42,0,0,0,0,0,0,323,0,0,0,377,76,0,"REFU2","REFU","2"
0,0,0,0,14,0,0,0,0,0,58,0,0,0,0,0,117,267,0,0,329,725,477,0,0,0,0,0,0,0,0,0,0,0,0,0,0,0,0,0,0,0,0,0,"REFU3","REFU","3"
0,19,0,0,0,0,0,0,0,76,164,26,13,54,17,0,144,312,47,60,313,660,425,48,0,0,0,0,0,0,0,0,0,0,0,0,0,0,0,0,0,0,0,0,"REFU3","REFU","3"
0,0,0,0,0,180,11,0,0,23,274,24,0,0,0,0,156,348,52,51,257,549,317,0,0,0,0,0,0,0,0,0,0,0,0,0,0,0,0,0,0,0,0,0,"REFU3","REFU","3"
0,0,0,0,18,0,21,0,0,0,178,99,0,27,62,0,297,405,63,0,182,496,315,0,0,0,0,0,0,0,0,0,0,0,0,0,0,0,0,0,0,47,0,0,"REFU3","REFU","3"
0,0,0,0,15,153,39,14,0,0,283,77,0,32,63,0,249,354,59,63,279,604,416,0,0,0,0,0,0,0,0,0,0,0,0,0,0,85,0,0,0,163,52,0,"REFU3","REFU","3"
0,0,0,0,29,0,52,21,0,0,81,17,18,47,83,0,218,329,230,0,41,417,252,25,0,0,0,0,0,0,0,0,0,41,0,0,0,51,0,0,0,185,50,0,"REFU3","REFU","3"
0,0,0,0,0,0,0,0,0,0,0,0,0,0,0,0,0,0,0,0,0,231,178,106,33,0,0,0,0,0,0,0,0,0,0,0,0,0,0,0,0,0,0,0,"STEP2","STEP","2"
0,0,0,0,14,52,0,0,0,0,0,0,0,0,0,0,0,69,48,0,45,324,272,120,54,62,0,0,0,0,0,0,0,0,0,0,0,0,0,0,0,0,0,0,"STEP2","STEP","2"
0,0,0,0,0,0,0,0,0,0,131,0,0,0,0,0,31,261,135,0,0,225,99,87,35,29,0,0,0,0,0,0,0,0,0,0,0,0,0,0,0,0,0,0,"STEP2","STEP","2"
0,0,0,0,239,335,23,0,0,0,0,0,0,0,45,0,70,243,66,40,324,351,254,52,0,0,0,0,0,0,0,0,0,0,0,0,0,0,0,0,49,536,144,0,"STEP2","STEP","2"
0,0,0,0,84,241,0,14,0,0,79,0,0,37,56,0,70,411,219,59,311,567,320,173,71,0,0,0,0,0,0,0,0,0,0,0,0,0,0,0,23,400,0,0,"STEP2","STEP","2"
0,0,0,0,234,466,42,30,43,0,79,0,0,108,200,79,214,567,216,67,438,441,321,216,69,20,0,0,0,0,0,0,0,0,0,30,117,36,0,19,159,724,140,0,"STEP2","STEP","2"
0,0,0,0,216,261,27,0,0,0,0,0,0,0,0,0,0,56,0,0,277,232,79,53,26,23,0,0,0,0,0,0,0,0,0,0,0,0,0,0,48,500,167,0,"STEP3","STEP","3"
0,0,0,0,57,59,0,0,0,0,0,0,0,0,0,0,0,0,0,0,115,232,189,51,30,0,0,0,0,0,0,0,0,0,0,0,0,0,0,0,0,378,0,0,"STEP3","STEP","3"
0,0,0,0,356,493,38,0,56,0,27,0,0,0,25,0,34,124,60,0,293,443,324,57,69,68,0,0,0,0,0,0,0,0,0,27,63,42,0,21,172,570,261,0,"STEP3","STEP","3"
0,0,0,0,0,0,0,0,0,0,0,0,0,0,0,0,0,0,0,0,160,206,155,121,142,0,0,0,0,0,0,0,0,0,0,0,0,0,0,0,80,446,0,0,"STEP3","STEP","3"
0,0,0,0,105,144,39,0,0,0,0,0,0,0,0,0,0,45,39,0,277,342,288,120,153,0,0,0,0,0,0,0,0,0,0,0,0,0,0,0,46,490,70,0,"STEP3","STEP","3"
0,0,0,0,359,513,71,0,50,0,70,0,14,0,58,0,101,228,117,0,252,315,54,53,0,27,0,0,0,0,0,0,0,0,0,39,0,0,0,0,54,228,70,0,"STEP3","STEP","3"
0,0,0,0,41,65,41,0,0,0,0,0,0,0,0,0,0,0,0,0,106,117,61,52,53,0,0,0,0,0,0,0,0,0,0,0,0,0,0,0,0,67,0,0,"STEP3","STEP","3"
0,0,0,0,0,0,0,0,0,0,0,0,0,0,0,0,254,330,0,0,250,381,133,63,42,57,0,0,0,36,0,0,0,0,0,0,0,0,0,0,0,0,0,0,"TANK1","TANK","1"
0,0,0,0,0,0,0,0,0,47,184,20,0,81,232,231,295,464,0,0,164,365,171,56,0,147,0,0,0,0,0,0,0,0,0,0,0,0,0,0,0,0,0,0,"TANK1","TANK","1"
0,0,0,0,82,0,0,0,0,0,20,0,0,0,0,0,70,279,0,57,326,284,0,83,39,47,0,0,0,204,101,0,0,0,0,0,0,0,0,0,0,255,157,0,"TANK1","TANK","1"
0,0,0,0,0,0,0,0,0,81,256,83,0,0,61,25,225,273,0,0,185,373,99,64,0,54,0,0,0,174,191,0,0,0,0,0,0,61,0,0,0,194,56,0,"TANK1","TANK","1"
0,23,0,132,390,276,21,0,30,23,187,0,0,0,0,0,223,243,0,60,398,392,78,155,198,162,0,0,0,191,215,0,0,53,0,0,0,66,0,0,36,545,297,0,"TANK1","TANK","1"
0,0,0,0,57,72,0,0,45,304,590,126,0,0,0,0,106,87,0,0,227,285,49,40,0,0,0,0,0,44,48,0,0,0,0,0,0,117,0,0,0,276,72,0,"TANK1","TANK","1"
0,23,0,132,390,276,21,0,30,23,187,0,0,0,0,0,223,243,0,60,398,392,78,155,198,162,0,0,0,191,215,0,0,53,0,0,0,66,0,0,36,545,297,0,"TANK2","TANK","2"
0,0,0,0,57,72,0,0,45,304,590,126,0,0,0,0,106,87,0,0,227,285,49,40,0,0,0,0,0,44,48,0,0,0,0,0,0,117,0,0,0,276,72,0,"TANK2","TANK","2"
0,87,51,131,372,277,0,0,0,0,137,0,0,0,0,0,0,60,0,0,223,450,182,205,362,138,0,0,0,0,0,0,0,39,0,0,0,120,0,0,0,287,83,0,"TANK2","TANK","2"
0,56,22,0,0,32,0,0,0,142,461,99,22,0,0,0,0,0,0,0,63,180,31,0,41,0,0,0,0,0,0,0,0,0,0,0,0,87,0,0,0,0,0,0,"TANK2","TANK","2"
0,80,26,35,252,131,0,0,0,0,50,0,0,0,0,0,0,0,0,0,365,518,211,151,269,0,0,0,0,0,0,0,0,0,0,0,0,84,0,0,0,32,0,0,"TANK2","TANK","2"
0,188,27,0,83,198,12,18,0,77,275,57,0,0,0,0,0,0,0,63,189,159,0,0,0,0,0,0,0,0,0,0,0,0,0,0,0,0,0,0,0,0,0,0,"TANK2","TANK","2"
101,0,0,0,75,0,0,0,0,0,0,0,0,0,0,0,0,0,0,0,392,561,164,213,255,214,0,0,0,176,128,0,122,333,0,0,52,168,32,0,254,803,207,0,"TANK3","TANK","3"
88,69,20,71,354,178,0,0,0,0,0,0,0,0,0,0,0,0,0,0,394,474,138,133,98,57,0,0,0,248,223,0,0,74,0,45,0,182,23,0,0,392,86,0,"TANK3","TANK","3"
86,0,0,0,203,0,0,0,0,0,0,0,0,0,0,0,0,0,0,0,403,506,120,123,111,50,0,0,0,175,115,0,0,113,0,34,56,276,27,17,141,621,117,0,"TANK3","TANK","3"
99,128,54,171,506,168,0,0,0,0,0,0,0,0,0,0,0,0,0,48,351,410,113,108,23,0,0,0,0,243,158,0,0,32,0,41,38,243,0,0,0,347,70,0,"TANK3","TANK","3"
83,72,0,0,329,150,0,0,0,0,0,0,22,0,0,0,0,0,0,0,376,444,84,116,125,16,0,0,0,129,86,0,0,0,0,36,68,360,38,19,43,540,115,0,"TANK3","TANK","3"
43,276,75,161,405,291,0,0,0,0,0,0,0,0,0,0,0,0,0,0,308,350,111,55,0,0,0,0,0,76,52,0,0,0,0,0,0,201,0,0,0,144,0,0,"TANK3","TANK","3"
0,0,0,0,45,68,12,0,0,74,99,0,0,0,0,0,0,0,0,0,0,75,0,0,0,0,0,0,0,0,0,0,0,0,0,0,31,0,0,0,0,342,117,0,"WOOD1","WOOD","1"
0,0,0,44,293,398,23,0,0,105,313,20,0,0,0,0,83,241,0,0,36,634,317,0,0,0,0,0,0,185,143,0,0,0,0,50,113,0,0,0,197,631,245,0,"WOOD1","WOOD","1"
0,0,0,0,140,128,0,0,107,312,328,0,0,0,0,0,0,88,0,0,0,329,250,0,0,0,0,0,0,0,0,0,0,0,0,0,27,19,0,0,75,523,155,0,"WOOD1","WOOD","1"
0,0,0,71,292,367,14,0,30,176,434,0,0,0,15,36,0,351,0,0,0,717,486,0,0,0,0,0,33,206,188,0,0,0,0,68,139,90,0,0,273,773,257,0,"WOOD1","WOOD","1"
0,43,0,60,268,277,17,0,220,476,585,20,0,0,0,0,0,191,0,0,32,370,326,0,0,0,0,0,0,0,0,0,0,0,0,0,31,28,0,0,161,612,188,16,"WOOD1","WOOD","1"
0,59,0,92,140,182,0,0,55,303,419,0,0,0,0,0,0,153,0,0,41,561,434,0,0,0,0,0,0,86,44,0,0,0,0,34,108,54,0,0,177,649,179,16,"WOOD1","WOOD","1"
0,0,0,0,13,54,0,0,0,0,0,0,0,0,0,0,0,50,0,77,284,608,428,148,68,0,0,0,0,0,0,0,0,0,0,0,0,0,0,0,0,0,0,0,"WOOD2","WOOD","2"
0,0,0,0,219,452,12,0,0,0,0,0,0,0,0,0,0,119,0,104,342,635,432,129,0,0,0,0,0,0,0,0,0,0,0,0,0,0,0,0,0,336,99,0,"WOOD2","WOOD","2"
0,0,0,110,516,581,14,0,0,0,0,0,0,0,0,0,0,0,0,0,203,540,351,68,0,0,0,0,0,0,0,0,0,0,0,0,0,0,0,0,0,238,0,0,"WOOD2","WOOD","2"
0,0,0,0,330,511,9,0,0,0,0,0,0,0,35,0,0,198,45,86,281,521,340,22,0,0,0,0,0,0,0,0,0,0,0,0,0,0,0,0,0,360,99,0,"WOOD2","WOOD","2"
0,0,0,69,409,646,30,0,0,0,0,0,0,0,0,0,0,0,0,0,149,545,468,23,0,0,0,0,0,0,0,0,0,0,0,0,0,0,0,0,0,176,50,0,"WOOD2","WOOD","2"
0,0,0,0,316,446,0,0,0,63,279,0,0,0,0,0,0,189,0,90,342,653,511,91,32,0,0,0,0,0,0,0,0,0,0,0,0,27,0,0,0,424,105,16,"WOOD2","WOOD","2"
0,0,0,0,329,452,32,0,0,0,0,0,0,0,45,0,0,52,0,0,77,324,221,20,0,0,0,0,0,0,0,0,0,0,0,0,0,0,0,0,0,172,44,0,"WOOD2","WOOD","2"
0,250,75,35,533,450,0,0,135,438,704,20,0,341,504,126,205,668,43,96,513,597,182,118,188,0,0,0,30,84,36,0,0,0,0,26,104,95,0,125,518,843,147,0,"WOOD3","WOOD","3"
0,167,37,108,560,428,0,0,121,429,614,20,17,318,495,72,185,623,45,96,513,582,227,105,159,0,0,0,35,78,80,0,0,0,0,30,83,82,0,68,429,834,176,0,"WOOD3","WOOD","3"
0,255,93,105,537,421,0,0,44,314,506,23,18,257,328,115,216,662,38,69,412,537,155,101,206,0,0,0,32,72,56,0,0,0,0,27,117,142,0,163,510,817,147,0,"WOOD3","WOOD","3"
0,421,386,164,565,378,0,0,94,423,695,23,26,384,510,119,212,668,38,96,522,580,194,117,174,0,0,0,29,75,41,0,0,0,0,26,63,217,0,92,523,823,167,0,"WOOD3","WOOD","3"
0,271,80,132,558,439,0,0,32,329,522,21,14,222,280,88,171,576,36,75,410,549,153,89,185,0,0,0,0,23,20,0,0,0,0,0,108,223,0,50,464,775,107,0,"WOOD3","WOOD","3"
0,511,510,257,609,421,0,0,55,423,742,0,27,354,480,106,272,662,47,84,477,621,218,108,156,37,0,0,0,60,45,0,0,0,0,0,52,296,0,88,502,788,122,0,"WOOD3","WOOD","3"
